public_username,trust_score
0,0.8
0b11stan,0.0
0-bit,0.0
10000,0.0
10sciple,0.0
12eon,0.0
13en,0.0
1bus,0.0
2020016,0.0
22002074t,0.0
2AA22B9S,0.0
3beberE,0.0
42,0.0
44,0.0
4wN998SD,0.0
5666650,0.0
5H1N0B1,0.0
654917,0.0
713705,0.0
821C3,0.0
8af5a,0.0
9Volt,0.0
a.,0.0
A,0.0
A2M0S,0.0
aa,0.0
aaa,0.8
AAAA,0.0
AADAD,0.0
Aaddrraa,0.0
aaellen,0.0
aalae,0.0
aamoros8,0.0
aariciae,0.0
Aatchoum,0.8
aauroux,0.0
Ab,0.0
abalamm,0.0
Abandon,0.0
abazaz,0.0
Abbygaelle,0.0
Abcdef,0.0
Abdallah,0.0
ABDC,0.0
Abde,0.8
AbdeElIlah,0.0
abel,0.0
Abel,0.8
Abell,0.0
Abey,0.0
abillaud,0.8
abougouffa,0.8
abourgeois,0.0
Abracadabrac,0.0
Abricot,0.8
ABX,0.8
Abzegada,0.0
AC4612,0.0
Accatto,0.0
Acci23,0.0
acepin5,0.0
Achikata,0.0
achille,0.0
AchilleN,0.0
achitaka,0.0
Actabi,0.0
actaruce,0.0
Acydx,0.0
adama,0.0
Adamou,0.0
AdamSouquières,0.0
AdamZs,0.0
ADAPTT_merci_Gary,0.0
adebilderling,0.8
Adedouz,0.0
Adenine,0.0
adeyemi,0.0
adham_tex,0.0
Adil,0.0
adlagachette,0.0
adolb,0.0
adrenalinos,0.0
Adri128,0.0
Adrian93160,0.0
Adrian.ast,0.0
Adrico11,0.0
adrien,0.0
Adrien,0.0
Adrien.B.,0.0
adrivsv,0.8
adsor,0.0
AdzbL,0.0
Aeki,0.0
Aelfill,0.0
aelouadi,0.0
Aeltharion,0.0
Aemaeth,0.0
aeronmoon_,0.0
a-esc,0.0
Aethel,0.0
Æxus,0.0
æyno,0.8
Aezar,0.0
Afraid0788,0.0
Agauthier,0.0
Ageritt,0.0
Aggaddon_Médixès,0.0
Agnire,0.0
Agrouuu,0.0
Agryos,0.0
aguyrgqdduilnvfils,0.0
aheranval,0.8
ahmetveburak,0.0
Ahnydre,0.0
Ahrimanox,0.0
ai.2001,0.0
aidjango,1.0
aindiana,0.0
Ainullindale,0.8
Aiquey,0.0
airCstnr,0.0
Airjibe,0.0
aiRMone,0.0
Airwin45,0.0
Aizensama,0.0
Akaime,0.0
Akame,0.0
Aka.Pulco,0.0
akasie,0.0
Aka-Wild,0.0
Akcil,0.0
Akhesa,0.0
AkiselNipese,0.0
Aktä,0.0
Aku,0.0
Al1,0.8
Al23d,0.0
Aladdin,0.0
aladir,0.0
alafay,0.0
Alain,0.0
Alan,0.0
AlanS,0.0
alaricroc,0.0
alban,0.0
alban.beautrais,0.0
alban.lopez,0.0
Albertbuchard,0.0
Albin,0.0
albrique,0.0
Alcibiades,0.0
AlCouz,0.0
Alcyde,0.0
aldaro,0.0
Aldeck,0.0
aldétonet,0.0
AldoProst,0.0
Alealea,0.0
alegoa,0.0
Alelambert,0.8
AlessandroPinna,0.0
Aletophil,0.0
Alex,0.0
Alex___,0.0
Alex886,0.0
alexandr9519,0.0
Alexandre,0.8
Alexandre93,0.0
Alexandre_Broca,0.0
Alexandre  Marlier,0.8
alexandre.marsone,0.0
alexandrerfst,0.8
AlexBccno,0.0
Alex_Boiboi,0.0
AlexC,0.8
AlexDail,0.0
AlexDiaz,0.0
Alexeï,0.0
Alex_erson,0.0
alexfriends,0.0
alexgang93,0.0
alexGhts,0.0
AlexisdeMaillard,0.0
AlexKab,0.0
alexkapln,0.0
alexlange,0.0
Alex.N,0.0
alexnadre,0.0
AlexPandaBear,0.0
alext,0.0
Alext37,0.0
Alextheo,0.8
AlexWinner,0.0
AlexXxelA,0.0
AlexZen,0.0
Al-faruq,0.0
Alfred_Bonjour,0.0
alfreddagenais,0.0
AlfredLePingouin,0.0
Alfromanticats,0.0
al_h,0.8
Alibaba,0.0
Alice,0.0
AliceAG,0.0
Aliice,0.0
Alire,0.0
Aliskander,0.0
Alistal,0.0
Alix,0.0
Alixe,0.0
alix_ph,0.0
Alkario,0.0
Alland1,0.0
allemandinstable,0.0
alligato,0.0
allmos,0.0
Allouette,0.0
Alltruist,0.0
allure,0.0
alnssr,0.0
Aloa,0.0
aloutoulou,0.0
AlphA,0.0
Alphakapla,0.0
AlphaPataterie,0.0
AlphaRogerus,0.0
alphaxray,0.0
Alphée,0.0
Alphio,0.0
alremyze,0.0
Alric,0.0
Altair004,0.0
Altaripa,0.0
AlterEgo,0.0
alternatif,0.0
Altheais,0.0
alvarezl,0.0
Alvin,0.8
alvinc,0.0
Alwin,0.0
alzaar,0.0
alzhang,0.8
Am,0.0
Amadeus08,0.0
A_man,0.0
AmandineM,0.0
Amaresh,0.0
amatissart,1.0
amaurer,0.0
Amaury,0.0
amaurykudo,0.0
ambroise.passeri,0.0
AmeLa,0.0
AmeliaThe1st,0.0
Amélie,0.0
Amentrak,0.8
Amere,0.8
AmerigoLr,0.0
Améthist,0.0
Amil,0.0
AminaL,0.0
Amine,0.0
aminekh,0.0
Amiralvian,0.0
ammoneo,0.0
Amna,0.0
Amnesia,0.0
Amoncho,0.0
Amous,0.0
Anadethio,0.8
Anakin512Vador,0.0
Analog_Worm,0.0
AnarChicot,0.8
AnastasiaCC,0.0
Anavrin,0.0
ancelin,0.0
Ancephale,0.0
Ancille,0.0
And1,0.0
Andrass,0.0
andreaaaaaaaaaaah,0.0
andreator,0.0
Andreav,0.0
AndresBriones,0.0
andros,0.0
androslex,0.0
andy,0.8
Andy,0.0
Anestual,0.0
anetuser,0.0
Angec,0.0
AngeDelamaure,0.0
angela,0.0
Angela77,0.0
angelorlv,0.0
angelrebirth,0.0
anhgelus,0.0
Anh-Kagi,0.0
A-Nicoladie,0.0
Anihils,0.0
Anikeith22,0.0
anisayari,0.0
anmarie,0.0
Anne66,0.0
Annie.D,0.0
Annyo,0.0
Anolyia,0.0
anomalie,0.0
ansodux,0.0
Answer973,0.0
Anta,0.0
Anteus,0.0
Antho57970,0.0
Anthokhun,0.0
anthoman23,0.0
AnthonyA,0.8
Anthony.Ouvrard,0.0
Anthonyvajda,0.0
anthoplm,0.0
AntLaf,0.8
Anto,0.0
Antogno,0.0
Antoine01,0.0
Antoine12000,0.0
Antoine26w,0.0
Antoine4729A3,0.0
AntoineConegero,0.0
AntoineD,0.0
AntoineDeh,0.0
antoine.duquennoy,0.0
AntoineJ,0.0
Antoine_Jamelot,0.8
antoinemahe,0.0
antoinepeltier,0.0
antoinerenaud,0.0
AntoineT,0.0
AntoineTournesol,0.0
Antoine_Vernet,0.0
antoinewac70,0.0
antoinexp,0.0
Antonin,0.0
Antonin27,0.0
Anto-z,0.0
Antwan,0.0
Antxnn,0.0
Anubisbis,0.0
Anynome,0.0
aolivier,0.0
aom,0.0
Aoro,0.0
ap9999,0.0
apasco,0.0
Apaullo_11,0.0
Aphidia,0.0
Apik,0.0
Apo,0.8
Apolline,0.0
apoptosae,0.0
A_PR,0.0
aquoi-lord,0.0
Aquois,0.0
AR,0.0
arabacadabra,0.0
ARABENJ,0.0
Aradus,0.0
aranlavilaine,0.0
Arathur,0.0
aratkoff,0.0
a_rausch,0.89
ArcEstUneFleur,0.8
Archangel,0.8
Archidux,0.0
archimandine,0.0
arctos,0.0
Arenash,0.0
AreTaro,0.0
Arfara,0.0
ArfiK,0.0
arfio,0.0
Argl,0.0
arguwal,0.0
Arhetil,0.0
Aricemo,0.0
Ari-cot,0.0
arielorthmann,0.0
arizona,0.0
Arkans,0.8
arkasys,0.0
Arkenchimere,0.0
Armach,0.0
armafelix,0.0
armance,0.0
armand,0.0
armel79,0.0
Armg,0.0
armlebor,0.8
arnaud,0.0
Arnaud_Jungo,0.8
ArnaudL,0.0
ArnaudM83,0.0
arnaud-revel,0.0
Arnaudrome,0.0
ArnaudSorosina,0.0
arncav,0.0
Arobase_Gratis,0.0
ARPH,0.0
Arra0,0.0
ArracK,0.0
Ars,0.0
Arsène,0.0
arslane,0.0
Artaze,0.0
Arthlec,0.8
Arthur,0.0
arthur020400,0.0
arthur6996,0.0
arthur.ammeux,0.0
Arthur_Dent,0.0
ArthurGr,0.8
Arthurocco,0.0
arthur_skow,0.8
arthursw,0.0
Artilleur,0.0
artraxus,0.0
artzerrr,0.0
Asatransat,0.0
ascalaphe,0.0
Asch,0.8
Asdd,0.0
Asdroïde,0.0
Aselus,0.0
asendari,0.0
Ashérat,0.0
Ashikaga,0.8
Ashnur,0.0
ASKE,0.0
ASL,0.0
Aslan,0.8
asleep.04equable,0.0
Asmokiel,0.0
aspodav,0.0
assayag,0.0
asteriksme,0.8
AstonishingPA,0.0
Astrale,0.8
_Astralo__,0.0
Astrance,0.0
astrantv,0.0
astroJR,0.8
Ataba,0.0
atchpee,0.8
Atelierentreprise,0.0
atepatien,0.0
Athanase,0.0
atheach,0.0
Athena09,0.0
AthenaLaChouette,0.8
ati,0.0
Atjy,0.0
Atmosfire,0.0
atoll,0.0
Atoum,0.0
Atrahasis,0.0
Atth,0.8
Attic6616,0.0
atuo,0.0
aubin_picard,0.0
aude12145,0.0
Audiett,0.0
Audrey,0.0
audrey.bzh,0.0
Audric,0.0
Augrota,0.0
Auguste,0.8
AugusteKZD,0.0
Augustin,0.8
aunyx,0.0
Aupardi,0.0
Aurel,0.0
Aurele06,0.0
AureleM,0.0
aurelevdmh,0.0
aurelhann,0.0
aurelien,0.0
Aurélien78,0.0
aurelienb,0.0
aurelien_belaud,0.0
aurelienl,0.8
AurelienMtr,0.8
aurelr,0.8
auriane,0.0
AuroreF,0.0
autartique,0.0
Autiss,0.0
AVA33600,0.0
avadakedavra,0.0
A.VDP,0.0
Averell,0.0
avinkhod66,0.0
AvocatDuDiable,0.0
Awkward,0.0
axan,0.0
Axel75018,0.0
Axel.H,0.0
axeljanni,0.0
axelle_db,0.0
Axyom,0.0
Aya,0.0
Ayden,0.0
AymericHMT,0.0
aym_henry,0.0
Ayogo,0.0
Ayrano,0.0
Aysse,0.0
Azam,0.0
azdiojcs,0.0
Azerty,0.0
Azertysk,0.0
Azireo,0.8
Azmo,0.0
AzulonFlash,0.8
Azy,0.0
Aχεl,0.0
b,0.0
B00L,0.0
b01,0.0
b14ck6u4rd,0.0
B1ch0u,0.0
baba,0.0
Baba,0.0
babar,0.0
Babelaar,0.0
babovor,0.0
Babs,0.0
Babs.,0.0
Babydominus,0.0
bachig26,0.0
Baderude,0.0
badmiaoo,0.0
BadMirage,0.0
Badouille,0.0
bagadou,0.0
Bakaarion,0.0
Bakacho,0.0
Bakbak,0.0
bakeneko,0.0
bakerstret23,
Baldr_Thor,0.0
balegot,0.0
Ballahad,0.0
Ballejaune,0.0
Balmungsan,0.0
Balouk,0.0
Balth,0.8
balthazar,0.0
Balthazar,0.0
balutrade,0.0
Bamala,0.0
Bandedanimaux,0.0
BANG,0.0
BanjoV,0.0
banownage,0.0
Baps,0.0
Bapt,0.0
Baptiste_,0.0
Baptiste00,0.0
BaptisteF,0.0
baptistepignier,0.0
BaptisteR,0.0
barap,0.0
Barbe,0.0
Barbemusicale,0.0
Barioth,0.0
Barmatyr,0.0
Barmyjes,0.8
bart,0.0
Barthemeus,0.0
baryt0n,0.0
Basiledecarsin,0.0
Basile.T,0.0
Basilette,0.0
bast,0.0
bastianlouis,0.0
bastien,0.0
BastienBoucherat,0.0
bastjuan,0.0
Bastos72,0.0
Bastral,0.0
BAT,0.0
batchris75010,0.0
bate,0.0
Batman,0.0
batoucada,0.0
batreub,0.0
baubaude,0.0
BAUMAN,0.0
Bazinguaaa,0.0
Bbilan,0.0
BChanus,0.8
bcheronn,0.0
BdeC,0.0
BDJM,0.0
B.E.,0.0
bealorn,0.0
beberito,0.0
bechilled,0.0
Beep_bloop,0.0
beetle,0.0
BeGood,0.0
beirao,0.0
Beks,0.0
Belial,0.0
bellecombes,0.0
Bematiste,0.8
Ben,0.8
BEN003,0.0
Ben2mtp,0.0
ben75,0.0
ben75020,0.0
BenA,0.0
BenBen,0.0
BenBouck,0.8
bencl,0.0
Benco,0.0
Benco11,0.0
BenCo1967,0.0
BenderKLN,0.0
benibi,0.0
benimaaan,0.0
Benito,0.0
Ben-J,0.0
Benjam1,0.8
BenjaminC3PO,0.8
BenjaminHumblot,0.0
BenjaminLouis,0.0
benjaminmauer,0.0
benjaouen,0.0
Benka,0.0
benoit12345,0.0
Benoit25,0.0
Benoit82,0.0
benoitleroux41,0.0
benpot,0.0
benPP,0.0
BenSharpe,0.0
Beny,0.0
Benyyyamin,0.0
benzayolo,0.0
Beralope,0.0
Berber,0.0
berdal84,0.0
Beren,0.0
Berenice,0.0
bereniiia,0.0
berklein,0.0
Bermin,0.0
bermuda,0.0
Bern,0.0
bernard,0.0
BernardDekkan,0.0
Berny911,0.0
bertolen,0.0
Bertrand Seguy,0.0
bese1er,0.0
Besuchbarsuk,0.0
Betree,0.0
BetterEveryday,0.0
betterweb,0.0
beu,0.0
Beveryone,0.0
BFjrla,0.0
Bgh,0.8
Bibop59,0.0
Bichetordue,0.0
biduletruc258,0.0
bievre,0.0
biFid,0.0
BigCoool,0.0
BigFaboo,0.0
Biggben,0.0
Biitwist,0.0
BilalM,0.0
Bilay,0.0
bilbozen,0.0
Billy_boy,0.0
Bilsix,0.0
Bingo,0.0
Bintjeman,0.0
biosaurus,0.0
bipboop,0.0
birds_are_drones,0.0
BirisC,0.0
biscuissec,1.0
Bishwick_L,0.0
Bison,0.0
Bistouri,0.0
Bitoubi,0.0
Bix,0.8
BL,0.0
BlackLemmi,0.0
blackmambo,0.0
Blackmoot,0.0
BlackTia,0.0
blaireau,0.91
Blaise.P,0.0
blakedrake,0.0
Blanche,0.0
Blanchon,0.8
Blandine,0.0
blastermina,0.0
blastoff,0.0
BldyMorrigane,0.0
Bleizdu,0.0
BLeomoon,0.0
bleubich,0.0
BlHd,0.8
BlissM,0.0
Blocks26,0.8
BloodPowl,0.0
bloodrinker,0.0
Bloowt,0.0
blorg,0.0
blptd,0.0
BLU,0.0
blub_42,0.0
Bluee_,0.8
bly_berenice,0.0
bmartins,0.0
BMayeur,0.0
bmonnet,0.8
Bob,0.0
Bob66300,0.8
Bobak,0.0
bobalban,0.0
Bob_el_Toasta,0.0
boblareleve,0.0
boblefrag,0.0
boblog111,0.0
bobobis,0.0
boesingerl,0.0
Bogasse,0.0
Bogdan,0.0
Bolide,0.0
bombom_,0.0
Bonelli,0.0
BongFin,0.0
Bonks,0.0
Bonscott313,0.0
bonvenon,0.0
Boota,0.8
BorgisKhan,0.0
boris,0.0
Boris,0.8
Borislo,0.0
borisw,0.0
Borys,0.8
Bouarus,0.0
Boubekeur,0.0
Bouclier,0.8
bouddha.rejoui,0.8
boufyrer5,0.0
Bougeo73,0.0
boule_magique,0.0
boulfad,0.0
BoulFIF,0.0
Bouli,0.0
Bouli1515,0.8
boulie,0.0
Bououli,0.0
BourbonKid,0.0
Bourganiesh,0.8
bousquet.p,0.0
bouuuua,0.0
bouyaka,0.0
B.P-le-Rhin,0.0
bpresles,0.0
bpshil,0.0
Bragg09,0.0
BrainV2,0.0
Brainwasher,0.0
brbab,0.0
brechetp,0.0
breg29,0.0
BreizhAntifa,0.0
Bribi93,0.0
Bric,0.8
bricebelian,0.0
Brimade,0.0
briman,0.8
BrizeLoklm,0.0
Brocco,0.8
Brolacatorus,0.0
brosio,0.0
BROSS,0.8
bros.victor,0.0
Brrr,0.0
brthrawn,0.0
BrugeronM,0.0
bruno,0.0
Bruno_____,0.0
Bruno974,0.0
brunod,0.0
brunoh,0.0
Bruno_Lorenzi,0.0
bruvi,0.8
BS,0.0
Bsnam,0.0
Btas,0.0
Bubble_Dopple,0.0
Bubu1484,0.0
Buche,0.0
bugdaniel,0.0
bumblefoot,0.0
Burdi33,0.0
burei,0.0
burkali,0.0
Burns,0.0
bussiere,0.0
BW,0.0
Bwad,0.0
bwinner,0.0
Bworkone,0.0
bxbxwlnksw,0.0
bzhecume,0.0
BZHrastaRider,0.0
C,0.0
c0mm0,0.0
C6cheron,0.0
c8f4,0.0
Cacaux,0.0
CactusKipic,0.0
cadiou,0.0
cadjou,0.0
cadrian,0.0
caernun,0.0
Caguila,0.0
cahnc1,0.0
cainbantam,0.0
calcium,0.0
Calliandro,0.0
Calmeraw,0.0
camaradeHouitante,0.0
Camelus,0.0
camia,0.0
Camille61,0.0
Camille.Brochier,0.0
Camillebzx,0.0
camille.rouet,0.0
camilobroc,0.0
Camthoze,0.0
Camulogenio,0.0
CamylleCecile,0.0
camzt,0.0
canaal26,0.0
Canarflx,0.0
CandideIngenue,0.0
Candy_Machina,0.0
Cannonbark,0.0
Canon8989,0.0
caoa,0.0
capobiker,0.0
CaptainDartz,0.0
CaptainSemoule,0.0
Capteno,0.0
caravaged,0.0
Carbonisathreat,0.8
Caribou,0.0
Cariboul,0.0
Caribout,0.0
CarlLePlasier,0.0
Carlos,0.0
Carloslamigos,0.0
carlostalarian,0.0
Carlsenito,0.0
Carol,0.0
CaroleGss,0.0
Caroline,0.0
carolineviolot,0.0
Carouan,0.8
Caryl,0.0
Castor,0.0
Casuan,0.0
Catgolin,0.0
Cath,0.0
Caval,0.0
cayek,0.0
cazziro,0.0
cb,0.0
CB,0.8
CBdB,0.0
c_c,0.0
Cc38cSeven,0.0
ccalmet,0.0
CCaubet,0.0
CcCcCcCcCcCc,0.0
ccliment,0.0
ccourtot,0.0
cculan,0.0
cdandy,0.0
Cdg75,0.0
CdlS,0.0
Ce5647809wde,0.0
ced,0.0
Cedash,0.0
ced_c,0.0
CedCad,0.0
cedp,0.0
Cédric,0.0
cedricgirard,0.0
cedric.olivier,0.0
cedric.plab,0.0
CedricRan,0.0
CedrikB,0.8
Céleste,0.0
celghandour,0.0
celian.diblasi.evolution,0.0
celia.valenciaa,0.8
CelineMarty,0.0
CELORAND,0.8
Cemetery_polka,0.0
Cendre,0.0
cendrees.servant_0d,0.0
cenotapHe,0.0
cenouv,0.0
cereb,0.0
cerisara.nathan,0.0
cesium133,0.0
cfloutier,0.0
cgi-bin,0.0
CGK,0.0
cgp,0.0
Ch4rly,0.0
Chadi,0.0
Chafe,0.8
chama,0.0
Chamallo,0.0
Chambior,0.0
champagnearden,0.0
chaneau,0.0
Chanule,0.8
chapelierfou,0.0
Chaplin,0.0
Charbel-Raphael_Segerie,0.8
Charles,0.8
Charles2005,0.0
Charles689,0.0
charles-alkd,0.0
CharlesAttend,0.0
Charles_de_Bourgoing,0.0
CharlesHusiaux,0.0
charles_vignal,0.0
Charlibabs,0.0
Charlie-Amoure,0.0
charliebeegood,0.0
CharlieLambda,0.0
charlie.vernotrochey,0.0
charlubermensch,0.0
Charlus,0.0
Charly,0.0
Charly_1234,0.0
charly33,0.0
CharlySK,0.0
Chassaigne,0.0
Chaton-Saussice,0.0
chaug,0.8
Chelauloe,0.0
chelmooz,0.0
Chenilleppp,0.0
chervaliery,0.0
Cheshy,0.0
Chevals,0.0
Cheveluresoir,0.0
chhhhak,0.0
Chibi_beru,0.0
chicco,0.8
Chichikb,0.0
Chickenosaurus_Rex,0.0
chico,0.0
Chief Curry,0.0
Chienchic,0.0
chilaem,0.0
chily,0.0
Chima,0.0
Chloe,0.0
chloefolacher@gmail.com,0.8
Choblu,0.0
ChPerette,0.0
Chriom,0.0
chris,0.0
chrisbasura,0.0
chriscb,0.0
christianfonck,0.0
ChristianMar,0.0
christian-m-m,0.0
christian.montana,0.0
christophe,0.0
Christophe,0.0
ChristopheR,0.0
christopheribault,0.0
chrisvossen,0.0
chronos,0.0
Chronostone,0.0
CHS,0.0
Chufolon,0.0
Ciberdead,0.0
Cioon,0.0
cirer972,0.0
Cisco4444,0.0
Cixiann,0.0
Ckln,0.8
Ckone,0.0
ClairetteLaDisquette,0.0
Clairon,0.0
ClaquetteQuiPue,0.0
Claude13009,0.0
Claude44,0.0
claude49,0.0
Claudie,0.8
claudio.palmari,0.0
Clay,0.0
Clay_213,0.0
Cleeeeeeeement,0.0
cleem,0.0
clem,0.0
ClemClem,0.0
Clem.E,0.0
clemence.bonnet,0.0
clement,0.8
Clément,0.8
clement13,0.0
clement31570,0.0
clement.alteresco,0.0
ClementBou,0.0
Clement_Carre,0.8
clement.chau,0.0
ClementDangvan,0.0
Clément G,0.8
clementl,0.0
clement.ladier,0.0
ClementR,0.0
ClémentTournesol,0.0
Clemenzo,0.0
clemmzeer,0.0
clemrdh,0.0
clem-rg,0.0
clemtif,0.8
Cleora,0.0
Cleppp,0.0
cley,0.0
clifford1313,0.0
Clignote,0.8
Clo27,0.0
Cloudy,0.8
CLS,0.0
Clt,0.0
cluzel,0.0
cmeriadec,0.0
CML,0.8
cmoelleux,0.0
cmoi,0.0
cmorio,0.0
CNeyo,0.8
cnguyen,0.0
Cobra8,0.0
Cobweb,0.0
cochonmalin,0.0
Coco,0.0
Coco74600,0.0
CoCo_C137,0.0
Coco_Lasticot142,0.0
cocozombi,0.0
codename5281,0.0
CodePanda,0.0
Codeway,0.0
codux,0.0
Colchique,0.0
coldPen,0.0
Coles,0.0
Colin_Duc,0.0
ColinF,0.8
Colombe29,0.0
Colt,0.0
Côme,0.0
come.frize,0.0
comehugo,0.8
come_raczy,0.0
ComteHarbour,0.0
Condor8349,0.0
condorcet55,0.8
confeature,0.0
ConKarn,0.0
Conque,0.0
conslight,0.0
constantf,0.0
Constantine,0.0
Contributor 412,0.0
Cookie,0.0
Cookifeu,0.0
coolcloud,0.0
Corbeau,0.0
Corentin1,0.8
Corentin_D,0.0
CorentinGC,0.0
CorentinMapelle,0.0
CorneliusX1,0.0
corossig,0.0
Corto,0.0
Corvee,0.0
coscollanodamien,0.0
Cosma,0.0
CosmeUV,0.0
Cotentin,0.0
cotojo,0.0
Coudgrizou,0.0
Couillenbiere,0.0
CounterPuncher,0.0
court-jus,0.0
couscous,0.0
couscousdz,0.0
cousin.paul,0.0
cp57,0.0
cptcerro,0.0
crabpeople,0.0
Craimefraych,0.0
Crapougnard,0.0
crapoux,0.0
craway,0.0
Crazyrems,0.0
CRBeryl,0.0
Creeper,0.0
Cremfresh,0.8
Crepitus,0.0
Crépuscule,0.0
Crinopexie,0.0
Crissou4444,0.0
Cristalgide,0.0
Critiquedelaraisonpure,0.0
Crizomb,0.0
crocods,0.0
crocomaster,0.0
CronosX2die,0.0
Crouk_i,0.0
croustilleu,0.0
Croustimiel,0.0
cryptokaiji,0.0
Csam,0.0
csoriot,0.8
csrman,0.0
Cstlln_Glhm,0.0
cthibault3,0.0
cthiounn,0.0
CTP,0.0
Cubix,0.0
culus38,0.0
Curieux,0.0
Curio-oine,0.0
Curso,0.0
Cyanure,0.0
Cyb,0.0
cybermowgli,0.0
CyCo,0.0
Cylaxy,0.0
Cyllan,0.0
Cynthia.nguyen,0.0
cypcyp,0.0
cypriendelmas,0.0
cyrilguesdon,0.0
Cyrille,0.0
cyrilnicolai,0.0
Cytrine_du_93,0.0
d3d4lus,0.0
d3lta0300,0.0
D4m1nu5,0.0
d97,0.0
DABCHA,0.0
Dabfur,0.0
Dabsunter,0.8
DacODac,0.0
Dad,0.0
dadarusse,0.0
daffpub,0.0
dagerwoman,0.0
dagobert,0.0
Dagorath,0.0
dahousse,0.0
DaKarma,0.0
dalanir,0.0
Dalf,0.0
dali1069,0.0
Dalmundul,0.0
Dalquivive,0.0
Dam2422,0.0
Damaï,0.0
damaxy,0.0
Dambond,0.0
damcap,0.0
Damdam,0.0
DamienAbel,0.0
damiencourtaillier,0.0
damiengiraudet,0.0
damienrogeaudefrance,0.0
damle1,0.0
damlobster,0.0
damn_head,0.0
damo2_be,0.0
Damon,0.0
Damonche,0.0
damotbe,0.0
damsExMachina,0.0
Dan999,0.0
danael,0.0
Dan-Duong,0.0
daniel,0.0
Daniel_Mallen,0.0
DanielSidobre,0.0
DanielWeisz-Patrault,0.0
Dankermanach,0.0
danydynamo,0.0
Danyo,0.0
Daphriel,0.0
daPlop,0.0
Dareedor,0.0
Darfeld,0.0
DariusThoustra,0.0
darksamor,0.0
Daruknak,0.0
Daunter,0.0
DaveCrest,0.0
dave_idem,0.0
david0u,0.8
David62041,0.0
DavidGermain,0.0
David_Gg,0.0
davidl,0.0
Davidlethiec,0.0
Davidp,0.8
Davidper,0.0
david.pineda0871,0.0
davidrebelo,0.0
david.rodriguez,0.0
Davit,0.0
DavuXoR,0.0
davy,0.0
Davyddex,0.92
DaydreamHoneybee,0.0
dcas974,0.0
DC_Rom,0.0
dd,0.0
DD38,0.0
DeadFlyingBanana,0.0
Deadguts,0.0
debro,0.0
decaillv,0.0
Decalion,0.0
Decks68,0.0
dedalus_a,0.0
dedalus_ad,0.0
dede2306,0.8
Dédédé,0.0
Dede_petro,0.0
Dedesch,0.0
dedtengu,0.0
Defacto,0.0
Defakator,0.0
Dejiho,0.0
DeliriumPiano,0.0
Delminator,0.0
Deloiny,0.0
DelPi,0.0
delplanq,0.8
Delroze,0.0
delta,0.0
Delta,0.0
Delta13,0.0
Demain_en_Solutions,0.0
demarquay,0.0
democlas,0.0
demoniacLizard,0.0
_DemoniaK_,0.0
demosthene,0.0
Dendroas,0.0
deniotna,0.8
Denisab44,0.0
DenisC,0.0
dennova,0.0
DerEins,0.8
dernierecime,0.8
Deroubax,0.0
Derpo,0.0
desertandjungle,0.0
Dessinemoiunmouton,0.0
deurmiald,0.0
deusexlogicae,0.0
deusivenatura,0.0
Devilfishslam,0.0
devmams,0.0
DexterIzzie,0.0
dfgh15rt4yr4t,0.0
dflorent.pokap,0.0
dglaude,0.0
dguyomar,0.0
Dharmalicius,0.0
Dheinamar,0.0
dhenin,0.0
dhmoclex,0.0
DHP,0.8
Diabliman,0.0
didibear77,0.0
didj7,0.0
didjeh,0.0
die5,0.0
diebold74,0.0
Diego Bardiaux,0.8
Dignat,0.0
Dilam,0.0
dimichip,0.0
Dimitri,0.0
DimitriLasserre,0.0
DimLight12,0.8
Dinomousse,0.0
dino_spaceship,0.0
dinuk,0.0
diogene22,0.0
dionisos,0.0
Diony,0.0
DirtyFock,0.0
Disgrace3598,0.0
Disk,0.0
Diskane,0.0
Ditarlix,0.0
DiUnique,0.0
Djangagogo,0.0
djef,0.0
djer13,0.0
djez,0.0
Djo,0.8
djobidjoba,0.0
DJ_Sattap,0.0
DJsimon93,0.0
Djub,0.0
djud,0.0
DOA,0.0
DocDoomDuck,0.0
doc_farras,0.0
docphilz,0.0
DOD,0.0
Dodeskaden,0.0
Doflamingo,0.0
Dogmael,0.0
dohpaz,0.0
Dokah,0.0
Dökky,0.0
doko892,0.0
doktoikl_makresh,0.0
dolmalin,0.8
Dom_,0.0
dom01,0.0
Dom01,0.0
DoMa,0.0
Domdub,0.0
dominique,0.0
dominiquefabre,0.0
domr38,0.0
Dongi,0.0
dorad,0.0
dorado,0.0
Dori,0.0
Dorian,0.8
dorianlbreton,0.0
Dorian_p,0.0
DorianSamour,0.0
Dorsan,0.0
Dorvek,0.0
Dory,0.0
dot,0.0
DoubleBourbon,0.0
doubleface,0.0
Doumi,0.0
Douxleurre,0.0
Dovu,0.0
dowkip,0.0
dp.lapch,0.0
Dracnor,0.0
Dragan13,0.8
Dragi,0.0
Dragibus,0.0
Drago91,0.0
DragonDwell,0.0
DragonMouse,0.0
draknova,0.0
Dral0h,0.0
drannor,0.0
Drathion,0.0
DrAuraHxC,0.0
draxbridou,0.0
draype,0.0
Drazik,0.0
Drazul,0.0
drazzib,0.0
Dreambigger,0.0
Dreatlan,0.0
DrFaust,0.0
Dricus42,0.0
dridou,0.0
Dridr,0.0
dridri,0.0
drippy_octa,0.0
drizzd,0.0
Dr.Muffin,0.0
Drogomar,0.0
Drokabelly,0.0
Drovich,0.8
DrPotard,0.0
DrSpatium,0.0
drupol,0.8
drysponge,0.0
DrZoro,0.0
ds.laetitia,0.0
dssfsdlgkh,0.0
ducatol,0.8
dufff,0.0
duncanmcleod972,0.0
duodiscus,0.0
Dupont-Teigneux,0.0
Duse,0.0
Dusteuh,0.0
DvidGeekoh,0.0
dvzvsdv,0.0
Dwarliz,0.0
dxphnx19,0.0
dxude,0.0
DYmg,0.0
Dynalo,0.8
E43B5B,0.0
easysan,0.0
Ebolaaaa,0.0
EBONNAND,0.0
ebor,0.0
ebotith,0.0
ecavalli,0.0
echodeltapapa,0.8
eco-lolo,0.0
Edajwoo,0.0
Edbing,0.0
Edchochotte,0.0
eddy,0.0
eden,0.0
Edencast,0.0
Edgard Leahs,0.8
edgy_moonchild,0.0
edhiltir,0.0
edikoehn,0.0
Edimo,0.0
Edouarrdd,0.0
edrach,0.0
Edredon,0.0
Edua59,0.0
edwinleboss,0.0
eeeeeeeeee,0.0
eenzocl,0.8
Effitch,0.0
Efflam,0.8
efra,0.0
EGermond,0.0
egignoux,0.8
egoe,0.0
EHL,0.0
Ehran,0.0
eienhikari,0.0
ekpatapon,0.0
elagier,0.0
elaine,0.0
elba,0.0
elbarbereau,0.0
Elbarbudo,0.0
ElColonel,0.0
Eldinoooo,0.0
Elekzar,0.0
elfamoso,0.0
elfamosoo,0.0
Elfixuwu,0.0
Elgar,0.0
elgringo,0.0
Elia,0.0
Elias,0.0
eliasL,0.0
elibi,0.0
ElieG,0.8
elimera,0.0
elindorath,0.0
Eliot,0.0
eliottt,0.0
elise,0.0
elisee,0.8
elise.mahenc7916,0.0
Eliza,0.0
ElJeje,0.0
Elkii,0.0
ellana,0.0
ElLiderMaximo,0.0
elliot.guerineau,0.8
elliotguerineau,0.0
El_Lioto,0.0
elliott.ventura,0.0
elm,0.0
Elnino,0.0
Élo,0.0
Elodie,0.0
Eloge2LaFuite,0.0
Elohan,0.0
eloi-b,0.8
eloi.k,0.8
Eloiseau,0.0
elolo31,0.0
Elouan,0.0
eloulou,0.0
Elphealer,0.0
El_Rafistoleur,0.0
elrinaobrien,0.0
El_Robino,0.0
El_Roumi,0.0
ElsaLB,0.0
Elsie,0.0
Elvaz,0.0
ElvishNeuron,0.0
Em341,0.0
Em38,0.0
Eman0n,0.0
embou,0.0
Embuscade,0.0
Emde,0.0
emelka,0.0
Emerick,0.0
Emhu,0.0
Emil,0.0
emile,0.0
Émile,0.0
Emile116,0.0
EmilePlato,0.0
Emilie,0.0
emimarh,0.0
Emm,0.0
EmmanuelBonhommeau,0.0
emmanuel.chambost,0.0
emmanuel.roux.fr,0.8
EmmanuelVieux,0.0
Emmeline,0.0
Emmettbrown,0.0
emmyncl,0.0
emorege,0.0
EmPAB,0.0
emptybasilisk,0.0
Emurikku,0.0
Encablures,0.0
encolpe,0.0
EncreOrque,0.8
Ender,0.0
EnderFight,0.0
Englimax,0.0
EngOS,0.0
enguerand,0.0
enio,0.8
Enkariss,0.0
Enkidou,0.0
Enlil_Storm,0.8
EnochViPariaci,0.0
enorax,0.0
enrvic,0.0
entheogui,0.0
EnTravaux,0.0
environ314,0.0
enzo,0.0
Enzo.bonnin,0.8
enzo_moreau,0.8
Eonn,0.0
Eoraptoraph,0.0
eorsini,0.0
Éos,0.0
EP,0.0
epoh,0.0
epot,0.8
Epsilon,0.8
EPTEPT,0.0
er47,0.0
Eratalis,0.0
Erazhal,0.0
ercana,0.0
Ereinon,0.0
Eretik,0.0
ericf,0.0
EricGOUGAUD,0.0
EricHochard,0.0
Eric_Lebon,0.0
erlen,0.0
Ernestine,0.0
ernoult,0.8
ernstda,0.0
erpi,0.0
Errol,0.0
Erronna,0.0
Error666,0.0
erwanbzc,0.0
erwancario,0.0
erwil,0.8
erymenn,0.0
Esbaeus,0.0
Esdrael,0.0
eskyves,0.0
Esp10n,0.0
Espaces,0.8
Espritroots,0.0
EstebanV,0.0
esteb.reynier,0.0
Estelle.R,0.0
esu,0.0
etdufay,0.0
Ethan,0.8
Étienne,0.0
etienne428,0.0
Etienne_B,0.0
EtienneGirard,0.0
etienne.hodille,0.0
Etiennelegeniedumal,0.0
Etienne_Parmentier,0.0
etienneremes,0.0
Etosan,0.0
Etudiant,0.0
Etudiant-Basique,0.0
Ety,0.0
EugenNikov,0.0
Euphrasie,0.0
euvhism,0.0
Evaevaeva,0.0
e-val,0.0
Evanor,0.0
Évariste,0.0
Everyatis,0.0
Evitoo,0.0
evol_ua,0.0
Evory,0.0
excalibhure,0.0
Excalibuer,0.0
ExceedDream-Info,0.0
Exether,0.0
Exin,0.0
exo,0.0
Exode,0.0
exotio,0.0
Eykim,0.0
Eyoli,0.0
eza,0.0
Eze,0.0
ezorg69,0.0
F73FF,0.0
Fa1610,0.0
fab,0.0
fab1en,0.0
FabbulousFab,0.0
FabD,0.0
fabianmouhahaha,0.0
fabibi,0.0
fabien35,0.0
fabien74,0.0
FabienC,0.0
FabienG,0.0
fabien.roger,0.8
FabienT,0.0
fabienvivi,0.0
FabioBalassia,0.0
fabrice,0.0
Fabrice68300,0.0
FabriceALLL,0.0
fabsan,0.0
Fabszn,0.0
factoriel,0.0
Factsory,0.0
Fadza,0.0
Faerhyl,0.0
failix,0.0
FalafelAuxCarottes,0.0
Falc'hun,0.0
FalCrow,0.0
Falex,0.0
fancat,0.0
Fanchdu29,0.0
FanfanPasLaTulipe,0.0
fang44,0.0
Fangh,0.0
fantomatique,0.0
Faon,0.0
Farfare,0.0
farnots,0.0
FatherMichael,0.0
favela,0.0
Faya,0.0
fbarbusca,0.0
fbrunacci,0.0
fbtg69,0.0
fchaix,0.0
fcoclet,0.8
FCRNico,0.0
fdebrauwer,0.0
fdelaguila,0.0
f.delcourt,0.0
fdelplan,0.8
federel,0.0
fefedu,0.0
fegillet,0.0
fegmar,0.0
felis_catus,0.0
Felix,0.0
Félix,0.0
FelixDecarbonie,0.0
FelixR,0.0
FélixRuiz,0.0
Felray,0.0
FendSon,0.0
Fenouil,0.0
Fenril,0.0
Feranis,0.0
Feranzo,0.0
Ferhat,0.0
Fernand,0.0
FeynmanKenobi,0.8
Ffierock,0.0
FFM,0.0
fgdf,0.0
fgodin,0.0
Fhakym,0.0
fhenri,0.0
fibou,0.0
filalio,0.8
Filamentin,0.0
Filbern,0.0
filliard,0.0
Filou,0.0
finezjules1gmail.com,0.0
Firedance,0.0
Firety,0.0
Firmin,0.0
fisherking,0.8
Fixsme,0.0
fl0hss,0.0
Fl0_Rilege,0.0
Flafon,0.0
flag,0.0
Flanagan,0.0
Flanrian,0.0
Flapon,0.0
FlatBartender,0.0
flavio85,0.0
flebuz,0.0
flédibert,0.8
Fleg,0.0
Flekneu,0.0
fleopaulD,0.0
Fleshed5184,0.0
FletcherLynd,0.0
fleuryf,0.0
fley,0.0
Flo31,0.0
Flo4ian,0.0
Flocon,0.0
Flocruoc,0.0
Flod,0.0
flodem,0.8
FloFlow,0.0
Flokh,0.0
Floo,0.0
flooo,0.0
Flop,0.0
floppy,0.0
Floppy,0.0
Flopshoubox,0.0
FloraB,0.8
Floranie,0.0
florent,0.0
Florent_DUVEAU,0.0
FlorentG,0.0
Florentin,0.0
FlorentPoinsaut,0.8
florian,0.8
Florian31,0.0
floriandramas,0.0
florian.foret,0.0
florian-ghi,0.0
FlorianM,0.0
florimondmanca,0.0
Floror,0.0
flow10000,0.0
Floÿ,0.0
Floydpaper,0.0
FloydQc,0.0
Fluffy,0.0
f_lukes_7,0.0
flydiz,0.0
F.Marchal-Bornert,0.8
FMDdu74,0.0
Focs,0.0
Fodopgpi,0.0
Foebus,0.86
fofin,0.0
folieust,0.0
Foliok,0.0
Fonira,0.0
Fontaine123,0.0
fontaine.tristan,0.0
FoOka,0.8
Fossrabid,0.0
fouadsafiri14,0.0
Foueb,0.0
Foufinancier,0.0
Fox,0.0
FoxBandyKoot,0.0
FoxOdd,0.8
foxwit,0.0
FpassX,0.0
fpzn,0.0
FR33_Z00,0.0
fraaz,0.0
Fracal1,0.0
Fragor,0.0
frambiZ,0.0
framus,0.8
fran26,0.0
Franchtouch,0.0
Francisco,0.0
francis_magnard,0.0
Franck,0.8
franck.dvr,0.0
Franck_M,0.0
franco,0.0
Francois,0.0
françois53,0.0
FrançoisBISSON,0.0
francois.bruno,0.0
Françoise,0.0
francois.gauti3r,0.0
FrancoisJacq,0.0
FrançoisLautre,0.0
FrancoisLeChampi,0.0
François-Mi,0.0
FrancoisMrz,0.0
FrançoisR,0.0
francoisschleich,0.0
Francokab,0.8
Frandup,0.0
frankienaturistedu13,0.0
Frankline,0.0
fransourace,0.0
fransquin,0.8
Franssausse,0.0
Franzk,0.0
Frauchor,0.0
Frazcois,0.0
freavr,0.0
Fred0825,0.0
fred2estroumza,0.0
Fred77,0.0
FredB,0.0
Fred_Brenez,0.0
fredegen,0.8
Frédéric,0.0
Frederic_Duhart,0.0
frederic.moulis,0.0
fredfal,0.0
fredfred,0.0
frednux,0.0
Frédo,0.0
fredolaredo,0.0
FredOster,0.0
fredox,0.0
fred_thenon,0.0
Freebase5854,0.0
Freebird,0.0
freegreg,0.0
freematt,0.0
Freesbee,0.0
FreMoin,0.0
Frenk,0.0
Fried,0.0
FriFy,0.0
Fripon,0.0
Frizons,0.0
Frodon,0.0
from_france,0.81
frouppy,0.0
Fulgrim,0.0
Fungus-Bob,0.16
funkypou,0.0
FunnyOrk,0.0
FunnyWorld,0.0
FuNXaM,0.0
Furgul,0.0
fv31,0.0
fvil,0.0
Fweber,0.0
fxlaine,0.0
Fyllaws,0.0
Fyroz,0.0
fz,0.0
fziehâekfae,0.0
G04TY34H,0.0
gab,0.0
GabeSteamCore,0.0
GabiLior,0.0
gabiu,0.0
gabriel_0808,0.0
Gabrioche,0.0
Gabs,0.0
gabuzo,0.0
gabygab,0.0
gabyj12,0.0
gaehlion,0.0
Gael,0.0
GaelB,0.0
Gael_SDMK,0.0
Gaelsol,0.0
Gaëtan,0.0
Gaëtan_Cerisier,0.0
gaetanherry,0.8
Gaetan_petit,0.0
gahujsb98,0.0
gajo,0.0
Gajyra,0.0
galaplexus,0.0
Galatx,0.0
Galet,0.0
Galette,0.0
galettecosmique,0.0
galghorn,0.0
galopin,0.0
Gamarane,0.0
GANON,0.0
gantsu,0.0
Garcin,0.0
gardellesam,0.0
Gareann,0.0
Gare_de_Genève,0.0
garenne.romain,0.0
Garfield,0.0
garfield67,0.0
garfildas,0.0
garp,0.0
Garulf,0.0
gary,0.0
garyfall,0.0
gastéropode,0.8
Gaston70,0.0
Gåtafracta,0.0
gatien.bacchetta,0.0
Gatopreto,0.0
Gaucher,0.0
gauchmateria,0.0
Gauthier,0.0
gauthierabiven,0.0
gauthier.voron,0.8
Gavroche,0.0
GaYo,0.0
gbenatre,0.0
gbinot,0.0
gbl,0.0
gblot,0.0
gbreteau,0.0
gcher495,0.0
GD,0.0
gdek,0.0
gdz,0.0
GeBruno91,0.0
gedeon.pushart,0.0
geek2100,0.0
geekscuriosity,0.0
Geelen_Sunny,0.0
gegen,0.0
GEMON,0.0
genoph,0.0
Genoudo42,0.0
geo1093,0.0
Geo291,0.0
geoffrey,0.0
geoffrey777,0.0
geoffreyarthaud,0.0
geoffroy,0.0
GeorgeHérisson,0.0
Georges_Abitbol,0.0
georges-M,0.0
Gerald_L,0.8
Geralt_darmesAnains,0.0
Germain,0.0
GermainPonpon,0.0
geronimo0483,0.0
gertoth,0.0
Gervais,0.0
GeumSoil,0.0
GeYrmaYne,0.0
gfg95,0.0
Gg,0.0
GGillou,0.0
Ghassen,0.0
ghoullier,0.0
Ght3k7,0.0
gigioThird,0.0
Gigz,0.0
Gil,0.0
Gilamesh,0.0
Gilbo,0.0
Gildaria,0.0
Gilgames,0.0
gilles,0.0
gilles8475,0.0
Gilles88,0.0
GillesHarvey,0.0
gin,0.0
Gincko,0.0
Ginevra,0.0
GinhTony,0.0
Ginkgo,0.0
girard.sydney,0.0
Gitroglou,0.0
Giyom,0.0
Glaiy,0.0
Glandalf,0.0
glc,0.8
GLeb,0.0
gleblanc,0.0
Glenn,0.0
globia,0.0
Globo,0.0
Glopglop,0.0
GlopGlop,0.0
Gloubox,0.0
Gloumouth1,0.0
glours,0.0
g.loyer,0.0
Glu,0.0
glucide,0.0
Glunt,0.0
Gluomme,0.0
Glxblt,0.0
GM,0.0
gniorf,0.0
goaoza,0.0
Gob,0.0
gobemouche,0.0
GobetE,0.0
gobwah,0.0
Gocuto,0.0
goffba,0.0
gof_kingnose,0.0
gog,0.0
Gogo,0.0
Gogoho88,0.0
Goh,0.0
GoldenJet,0.0
Goldevil,0.0
Golgoth,0.0
Golondrina,0.0
GomarDu92,0.0
Gomez_David,0.0
Gontrek,0.0
Goomba,0.11
goomi32,0.0
goosander,0.0
Gorague,0.0
Gorf,0.0
Goric,0.0
GOS,0.0
GOTOK,0.0
Goupil,0.0
Goupilipom,0.8
GOÛTEUR,0.0
Goutte_bruine,0.0
goya,0.0
GP,0.0
grablor,0.0
GradBzH,0.0
grahael,0.0
grakowzy,0.0
Gralu,0.0
Grandlapinblanc,0.0
grandmerlin,0.0
Grandours,0.0
Granpamini,0.0
GravityTherapy,0.0
green,0.0
green68,0.0
greencondor,0.0
GreenFrog,0.0
greenzest,0.0
GREG,0.0
Greg_Collot,0.0
GregD,0.0
GregFez,0.0
Grégoire,0.0
gregoiredegliniasty,0.0
Grégory_Desplats,0.8
Gregosorus_rex,0.0
Grelletraph,0.0
Grexiem,0.8
griffon,0.8
GrinHood,0.0
grloi,0.0
gromy,0.0
Gronchosse,0.0
Gronedure,0.0
Groothood,0.0
grop,0.0
gropute,0.0
Groques,0.0
GrosKanar,0.0
gros_shralls,0.0
GrosTacos,0.0
GrothenDitQue,0.0
grugrurubu,0.0
grumpyseed,0.0
grungy59,0.0
Gruntounet,0.0
GruStuk,0.0
G.sorbet,0.0
gt4w4al,0.0
gu4rdi4n4ngel,0.0
Gualex,0.0
Gualtiro,0.0
gub,0.0
gueben,0.0
guedeflais,0.0
guenandf,0.0
guenate,0.0
GuessWhat,0.0
guest,0.0
guest42,0.0
GuiA,0.0
guidorian,0.0
Guigui220D,0.97
Guigui2911,0.0
GuiguiBis,0.0
guiguillaume,0.0
Guilhelm,0.0
Guilhem35,0.0
GuilhemP13,0.0
GuilhemS,0.8
guill,0.0
Guill,0.0
guillaume,0.0
Guillaume,0.0
guillaume11,0.0
Guillaume_4815162342,0.0
guillaume.arm,0.0
guillaume.blot-teyssedre,0.0
guillaumebt,0.0
guillaumefe,0.0
guillaume.fond,0.0
GuillaumeH,0.0
GuillaumeLeGland,0.0
GuillaumeLeMailloux,0.0
GuillaumePK,0.8
GuillaumeS,0.0
guillaumew,0.0
GuiltyGlitch,0.0
Guivre,0.0
GuLhe,0.0
guliga,0.0
gulrich,0.0
gunsdeluxe,0.0
Guntherfrye,0.0
Gusfring,0.8
Gusgusupra,0.0
gustave,0.0
Gustavitch,0.0
gusthave,0.0
GustoRap,0.0
GUSTOUF,0.0
guybrush,0.0
GuyHomme,0.0
guy-hubert,0.0
Guyom,0.0
GuyRouste,0.0
Gwandalf,0.0
Gweg,0.0
Gwenael,0.0
gwender,0.0
GwenKuan,0.0
GwenoLaD,0.0
GwenXt,0.0
Gwodry,0.0
gwui,0.0
Gyoza,0.0
gytar,0.0
H2PtCl6,0.8
h2zu,0.0
h4r4k1r1,0.0
haderezriell,0.0
hadh,0.0
hadnotb,0.0
Haecairwen,0.0
haekel,0.0
haelazhar1,0.0
Haelith,0.0
Haematopus,0.0
Hagon47,0.0
Hagor,0.0
Haipi_,0.0
Hakan,0.0
hakim,0.0
hakkan156156,0.0
Halt,0.0
Hameraid,0.0
HamsterJovial,0.0
handle,0.0
Hannyson34,0.0
Hantala,0.0
hao,0.0
Haplo,0.8
Harac,0.0
harcole,0.0
harriet20,0.0
Harry,0.0
Hartbook,0.0
Harukero,0.0
harut,0.0
Haryle,0.0
Hasarian,0.0
Hascoet-Rabinovitch,0.0
hasdru,0.0
Haskeer,0.0
Hatsumi,0.0
Havane44,0.0
Haz,0.0
Hazram,0.0
Hb,0.0
hbbk,0.0
hberaud,0.0
hblanadet,0.0
hchateau,0.0
hdrtpzzzq,0.0
hedistef,0.0
heightenedhawk,0.0
Heiimdall,0.0
Hélème,0.8
Helena,0.0
Helene,0.8
HélèneAuthier,0.0
HélèneDumais,0.0
helenemanu,0.8
hel_g_rardin,0.0
Heligos,0.0
Helios_,0.0
HéliosHorus,0.0
heliostronaute,0.0
Helios-火リオス,0.92
Hellébore,0.0
hello123,0.0
helluin,0.0
hellya,0.0
Helm,0.0
helrod2147,0.0
Hemel,0.0
hengist,0.0
henri,0.0
HenriBergson,0.0
Henri_GEIST,0.0
henrijh,0.0
herdawyn,0.0
Hérisson,0.0
Hermax,0.0
Hermonydidi,0.0
hermyx,0.0
HernaniTournesol,0.0
HerrBear,0.0
Herrmatheus,0.0
Hervé,0.0
HerySon,0.97
heuxley,0.0
HevieOwl,0.0
hey,0.0
Hezter,0.0
hfissa,0.0
HG,0.0
Hgofb02,0.0
hi,0.0
Hiboo,0.0
hicoo,0.0
Hierosme,0.0
Higumadon,0.0
hildes,0.0
Hillelon,0.0
Hillo,0.0
himiro,0.0
Himuratsu,0.0
hind,0.0
hiouf,0.0
HippolyteD456,0.0
Hippotropikas,0.8
Hireine,0.0
hirowix333,0.0
Hivox7,0.8
hizadi,0.0
hl037,0.0
hlf,0.0
hlopez,0.0
hnd12000,0.0
Hoak,0.0
Hobbes,0.0
Hobereau,0.0
Hoeg27,0.0
HojoSan,0.0
hoklem,0.0
Homer,0.0
Honesto,0.0
honey_1985,0.0
hookred,0.0
hosaq,0.0
HoudinicisMedicis,0.0
Houssart,0.0
HoussemdineSouaf,0.0
houssima,0.0
Howdihow,0.0
howmuchsize,0.0
hpesoj,0.0
hpisano_,0.0
HRM,0.0
Huayin,0.0
Hub,0.0
Hude,0.0
Hug,0.0
HuggyLePlombier,0.0
Hugiz75020,0.0
hugo,0.0
hugo2,0.0
hugob,0.0
HugoBach,0.8
HugoBusc,0.8
hugoBZH,0.0
HugoC,0.0
hugoDeo,0.0
hugogogo,0.0
hugo.jacquelin,0.0
hugo.lecourt,0.0
Hugom,0.0
Hugo_sdt,0.0
HugoV,0.0
hugsipou,0.0
hugues,0.0
Huile,0.0
Hulgan,0.0
Humainlamba,0.0
HumainN,0.8
humisnat,0.0
hummph,0.0
Hunty,0.0
hy-5,0.0
Hybryd-,0.0
Hychaim,0.0
Hydreo,0.0
Hypérion,0.0
Hypnose,0.0
Hyruuk,0.0
I3oris,0.8
IABF,0.0
Iacbri,0.0
iad,0.0
+IAETICHS,0.0
IamPierrick,0.0
ianare,0.0
ianasheu,0.0
IannAsh,0.0
ian.niculescu,0.0
Ianuspater,0.0
IANVS,0.8
I-Azy-I,0.0
icar,0.0
Icare,0.8
IchiSamaFR,0.0
Ichthus,0.0
iChussix,0.0
IDealSpleen,0.0
Idhren,0.0
idir,0.8
idispatch,0.0
ifalna,0.8
iFeaRz72,0.0
ighrock,0.0
ignami,0.8
Igor,0.0
IgorVlad,0.0
III3三,0.0
Iiien,0.0
iijjaallkkaa,0.0
Ijikael,0.0
Ikard,0.0
Ikaroc,0.0
ilenado,0.0
Ilenia.21,0.0
iliaaan,0.0
ilian_djl,0.0
Ilicool,0.0
Illiaro,0.0
Iluv,0.0
Ilvan,0.0
IlyesBrahim,0.0
imagodesframboisiers,0.0
imbAllard,0.0
Impero,0.8
inculte2province,0.0
inemajo,0.0
Informacube,0.0
Innat,0.0
InnocentFrog,0.0
Innuen_Doe,0.0
Intégralecurviligne,0.0
IntensiteCapilaire,0.0
Invi,0.0
Ioio81,0.0
Ion,0.0
iouriloup,0.0
Ipekko67,0.0
ipi12,0.0
Irisciences,0.0
Irockt,0.0
IronBlase,0.0
IronZ2,0.8
Iruka,0.0
Isabela,0.8
IsaLec,0.0
isangoma,0.0
isatis,0.92
Isatis,0.0
isatt,0.0
Isdf_totoro,0.0
Isma68,0.0
Ismiyac,0.0
Issun16,0.0
itai,0.0
Ithael,0.0
Itnos,0.0
iury,0.0
IvanKaramazov,0.0
IvernsBush,0.0
ivyzyon,0.0
Iwazaru,0.0
iweinse,0.0
ixinor,0.0
izijeff,0.0
Izimic,0.0
Izou,0.0
j0hnmerrick,0.0
J2LB971,0.0
j34n,0.0
Jaake,0.0
Jabba,0.0
Jabbawookie,0.0
jacaeo,0.0
Jack,0.0
Jack1995,0.8
JackEtLeHaricotMagik,0.0
jackflyer,0.0
Jackh,0.0
Jack_Hob,0.0
JackJack,0.0
jackmomie,0.0
jaclub,0.8
Jacob,0.0
jacolot,0.0
jacques,0.0
Jacques,0.0
Jacques_Scion,0.8
Jaddarax,0.0
Jaddot,0.0
jadiswb,0.0
jadjay,0.0
Jado,0.0
JADORELESCHATS,0.0
jahtovo,0.0
Jaina,0.0
jak,0.0
Jak,0.0
Jakson,0.0
Jalibter,0.0
Jam,0.0
JamesGod,0.0
Jamtrick,0.0
janjak,0.0
janobruno,0.0
Janus,0.0
janusmagnus,0.0
Jar_Jar_le_Grand,0.0
Jason,0.0
javaisditpouce,0.0
Jawad,0.0
jawaka,0.0
Jay_,0.0
Jaybise,0.0
Jayk_DLP,0.0
jayma,0.0
Jb,0.0
JB,0.0
JB3210456789,0.0
jbalibeux,0.0
jbbob,0.0
jbdh1p3nr,0.0
JBrickelt963,0.0
JbT102,0.0
jbvl,0.0
JC,0.0
jc07,0.0
jcampos,0.0
Jcb,0.0
jcc,0.0
J.Christian,0.8
jcplessis,0.0
jcsirot,0.0
jd,0.0
jdbooster,0.0
jdentan,0.0
JE,0.0
jean,0.8
Jean,0.0
Jean23,0.0
jean-baptiste.billard,0.0
jeanbaptistegourlet,0.0
Jeanbar49,0.0
Jeanbon,0.0
JeanBon,0.0
Jean_Bond,0.0
Jeanclem,0.0
Jean_G,0.0
JeanJacquesSatan,0.0
Jean-Lou,0.15
jeanluc,0.0
jean_mark,0.0
JeanMi,0.0
jeanne,0.0
jeannoel34,0.0
jeannot-de-luzerne,0.0
jeanpatriceveilhan,0.0
jeanphilippecurtelin,0.0
Jeanposedesquestions,0.0
JeanTac,0.0
jean-Trepran,0.0
jed,0.0
Jee,0.0
Jeejuu,0.0
Jeff54,0.0
JeffB,0.0
jehan.joliet,0.0
jeje,0.8
Jékjths,0.0
jemah,0.0
JenEy,0.0
jenipapo,0.0
Jenjango,0.0
jenniferLEDR,0.8
jerefa,0.0
JéréMie,0.0
jeremiel,0.0
JeremiePat,0.0
Jeremy,0.0
JeremyL,0.0
Jeremylo1,0.0
Jerome,0.0
Jerome005,0.0
jeromeag31,0.0
JeromeJ,0.0
Jeromeon,0.8
jeronimo,0.0
Jes68,0.0
Jess,0.0
jessaye,0.0
jessicap,0.0
jetaajh,0.8
jetou,0.0
jetSett,0.0
Jeudes,0.0
JF,0.0
jfb,0.8
jfbonvin,0.8
jfreeman,0.8
jg45,0.0
jgau,0.0
jgcb00,0.8
jgguitare,0.0
jgnr,0.0
jguiheneuf44,0.0
Jhfiama,0.0
Jhodi,0.0
Jhoks,0.0
jibe-b,0.0
jicaf97019,0.0
Jijugo,0.0
Jileme,0.0
jillemash,0.0
Jim,0.0
Jin,0.0
Jinets,0.8
Jinstoniks,0.0
jipé,0.0
jjbailet15,0.0
JJFlash,0.0
JJJG1,0.0
JJ_Jun,0.0
JKHauil892,0.8
JL1,0.0
jl30700,0.0
jldupont,0.0
jlemaire,0.0
jluneau,0.0
jlvila,0.0
jma06,0.0
jmC,0.0
jmd,0.0
jmfaug,0.0
JMN,0.0
jmt,0.0
Jnphdl,0.0
Jo,0.0
Joachim,0.0
JoachimC,0.0
Joackim,0.0
JoanBernad,0.0
jobellet,0.0
Jobzana,0.0
jocio13,0.0
JoeDoe,0.0
joel23,0.0
joeletouffu,0.0
joeletoutffu,0.0
JoelGermain,0.8
JoelGrea,0.0
joel.peerboom,0.0
JoeyConnor,0.0
Johan,0.0
johanleblanc,0.0
Johann,0.0
Johann82,0.0
johann_david,0.0
JoHero,0.8
john,0.0
john10fool,0.0
JohnArgutie,0.0
john_bob,0.0
John_Doe,0.0
JohnDoe,0.0
John_Locke,0.0
JohnnyFiac,0.0
JohnTitor,0.0
Johw,0.0
Jojobarbar,0.8
jojol,0.0
jojolaco,0.0
jojopratchett,0.0
joladoui,0.0
jolan,0.0
joleenj,0.86
jolefo,0.0
Joletaxi,0.0
Jolt,0.0
Jonah,0.0
Jonas,0.0
JonasC,0.0
JonasDuvoisin,0.8
Jonathan08,0.8
Jonathan.mp3,0.0
JonPeter83,0.0
JonWard,0.0
Jordangnr,0.0
Jordan_Kai,0.0
Jordan_tournesol,0.0
Jorropo,0.0
Joscipion,0.0
jose,0.0
josefHelie,0.0
joseph06,0.0
josephlegrand,0.0
Joshton,0.0
Josias,0.0
Jossemlk,0.0
Josso,0.0
Jotyoma,0.0
jou,0.0
Jox,0.0
Joyce,0.0
JP3D,0.0
jpaoli,0.0
JpayouxAmnesty,0.8
jpcadiat,0.0
jpch84,0.0
jpchabry,0.0
jpeg,0.0
J-pi,0.0
jpimhof1,0.0
jplaville,0.0
Jpncine,0.0
jppierme,0.0
JPS,0.8
jptigrou,0.0
jrmdel,0.0
jrmouraz,0.0
jrmy_gchn,0.0
jronne,0.0
J_ROSSATO,0.0
jsalmon,0.0
jsan,0.0
jth84,0.0
JtheFirst,0.0
Jthirez,0.0
jtincq,0.0
ju,0.0
JU,0.0
Juan,0.8
Judas8282,0.0
Jugmt,0.0
jugriffe,0.0
juju,0.0
Juju,0.8
JujuCari,0.0
Juju_La_Praline,0.0
Jul1en,0.0
jules,0.0
juleslb38,0.0
julespaulineau,0.0
julian64122,0.0
Julian_Righ,0.0
JulieH,0.8
juliendehos,0.8
Julien__dtn,0.0
JulienE,0.0
julien.fageot,0.8
JulienGenoud,0.0
JulienH,0.0
julien.hemery37,0.0
julien_mast,0.0
JulienOlive,0.0
julien.rancillon,0.0
julienrf,0.8
Julio,0.0
JulioArturo,0.0
jumeunier,0.0
Jumo004,0.0
juncaks,0.8
Junk,0.0
Jurassic_Child,0.0
juriko,0.0
Justin2trois,0.0
Justine,0.0
JustinP,0.0
JustLeonGramer,0.0
JustOne,0.0
jvachera,0.0
jverin,0.0
Jzkleenex,0.0
k0ldwinter,0.0
k80nelson,0.0
Ka1gen,0.0
Kaach,0.0
Kaahojan,0.0
Kab,0.0
Kacawet,0.0
Kadou,0.0
Kadratin,0.0
Kael,0.0
kael72000,0.0
kaerib,0.0
kaillous,0.0
Kairos,0.0
Kajih,0.0
Kakasuke,0.0
kakitasomy,0.0
Kald,0.0
kalista,0.0
Kall8888,0.0
Kalmika,0.0
Kalsifer,0.0
kalysama,0.0
Kamiesch,0.0
kamieux,0.0
kamika,0.0
kamykro,0.0
Kandace,0.0
KanokoSK,0.0
Kaosce,0.0
kaosm,0.0
kaourantin,0.0
Kapu,0.0
Karadoc,0.0
Karadoc-maraicher,0.0
Karbone14,0.0
Karchoc,0.8
Karibouldingo,0.0
karl,0.0
Karl_le_Heus,0.0
karo,0.0
Kasdorel,0.0
Kasix,0.0
kaskarotte,0.0
kason,0.0
Kassad,0.8
kassali,0.0
Katiusca,0.0
Katokoda,0.8
Kattzen,0.0
Kaval81,0.0
kawakit,0.0
Kaxe,0.0
kazerlelutin,0.0
Kazumarzu,0.0
kcalonne,0.0
K_D,0.8
keat.leo,0.0
kebab-case,0.0
Keimi,0.0
keke,0.0
Kelewick,0.0
Kelian,0.0
KelticLago,0.0
Kelu93,0.0
Keluaa,0.0
kenalex13,0.0
Kenash-An,0.0
KenLeSurvivant,0.0
Keno77,0.0
Kent1,0.0
ken_tokyo,0.0
Kentouill,0.0
kephasp,0.0
Ker,0.0
Kern,0.0
Kernig,0.0
kernox,0.0
Kerzas,0.0
Kes,0.0
Kettu,0.0
Keusfi,0.0
Kevin,0.0
Kevinaud,0.0
Kevin.P,0.0
KevinTOUCHET,0.0
kevinyaya,0.0
kewwwa,0.0
khalifaleye,0.0
KhasMax,0.0
Khenric,0.0
Kheris,0.0
khors,0.8
khuet,0.0
khwartz,0.0
Khyelle,0.0
Khyonn,0.0
Kick.kwahu,0.0
kieran_choquet,0.0
KifranKober,0.0
Kihab,0.0
kikeryoku,0.0
Kiki2956,0.0
Kikilltout,0.0
Kilso,0.0
kilukrumedia,0.0
kindarin,0.0
King_Julian,0.0
Kinkazma,0.0
Kinobi,0.0
KinoxKlark,0.8
KipraukO,0.0
kiranakuruso,0.0
Kirby.sb,0.0
Kirikou,0.0
kitsukihako33,0.0
kix_osaka,0.0
kjokkenmodding,0.0
k.kouriat,0.8
Klaw,0.0
Kloe,0.0
klonnage,0.0
Klouffy,0.0
Kmakes,0.0
kmarcorp,0.0
kmecnin,0.0
KMR1,0.0
knarf,0.0
Knohll,0.0
KnutZ45,0.0
Koala29,0.0
KoalaMobile,0.0
Kobold,0.0
KoliaW,0.0
komak,0.0
Kommyl-fõ,0.0
Koneko,0.0
KooK_,0.0
koral,0.0
koraud,0.0
Kornesque,0.0
Korok,0.8
koromon,0.0
kouett,0.0
kougloff,0.0
Kouyère,0.0
Kowabunga,0.0
kpbx,0.0
kradimir,0.8
kragator,0.0
KrazzyDK,0.0
KreIS,0.0
KRIEGSGENERAL,0.0
kriom,0.0
Kris,0.0
Krispeur,0.0
kriss,0.0
kristinof,0.0
kristof,0.0
Kristol44,0.0
krokoll,0.0
krollkop,0.0
kromarg,0.0
krominou,0.8
KronosIII,0.0
Kronox37,0.0
Krouger,0.0
krr_charles,0.8
Krunv,0.0
Krystuf,0.0
Kryzaal,0.0
krzysfr,0.8
ksahli,0.0
kstyeur,0.0
Kubera,0.0
Kubrackti,0.0
kucai59,0.0
kukur,0.0
Kumo,0.0
KuroKat,0.0
kurtlordofg,0.0
Kwak,0.0
Kyhesse,0.0
Kynal,0.0
Kynniac,0.0
Kyodeeper,0.0
Kyoki,0.0
Kyoma,0.0
Kyrzos,0.0
Kyssi,0.0
kyure,0.0
l,0.8
L,0.0
Labeiros,0.0
La_Biologie,0.0
lacostetnouquoifrr,0.8
laedit,0.0
Laeti,0.0
lafabriquesociale,0.0
LaFontaineÔsecours,0.11
Lahire,0.8
lajacq,0.0
lajol,0.0
lala_oulala,0.0
lalejand,0.0
lalias,0.0
Lalou_Clara,0.0
Lamadesbois,0.0
lamala,0.0
La_Marmotte_94,0.0
Lamazelle,0.0
Lambda,0.0
lambertarthur222,0.0
LaMeud,0.0
Lamiut,0.8
lampadaire_rouge,0.0
Lanfeust,0.8
Lankhmar,0.0
Laox,0.0
lapetitenumbat,0.0
LapinLambda,0.11
Lappeau,0.0
Larazouna,0.0
larchuto,0.0
larmoricain,0.0
Larquen,0.0
LarryCovers,0.0
Lars666,0.0
lartishow,0.0
LarvePoire,0.0
Laska,0.0
Lassie,0.0
Lastreaumont,0.0
Laszlad,0.0
laumaquet,0.0
lauocsap,0.0
laurare,0.0
laurent108,0.0
laurent28,0.0
Laurent48,0.0
Laurent59,0.0
Laurent_A,0.0
laurent.claessens,0.0
laurent_hutinet,0.0
Laurent_Keiff,0.0
LaurentPottier,0.0
LaurentR,0.8
laurie,0.0
Laurie,0.0
LaurierDuchene,0.0
laurin_9,0.0
LauRob,0.0
LautreFrançois,0.0
LavaPower,0.0
Lavennob,0.0
lavie,0.0
Laxario,0.0
Lazdegus,0.0
lazteque,0.0
lazzergun,0.0
Lbadikho,0.8
lcatherinet,0.0
lcc55,0.0
LCLEMENT78,0.0
LDe,0.0
ldrouet,0.0
ldupuy74,0.0
le_barman_haletant,0.8
LeBenBen,0.0
Lec,0.0
LeCed,0.0
Lechat,0.8
lechevalier,0.0
lecielestviolet,0.0
Le_Comte_Hamporain,0.0
Lecromta,0.0
leDéfaillant,0.0
Le_Demi_Fou,0.0
Ledernier,0.0
Ledracarnos,0.0
lee_couchette,0.0
LeeRoy,0.0
Leetche,0.0
leet_hirsch,0.0
Lef,0.0
leFlexiterrien,0.0
Le_Foucheur,0.0
LeG,0.0
Legobrick,0.0
legomax,0.0
Legoujon,0.0
Le_Goupil,0.0
legrandmidi,0.0
LeGuy28,0.0
Leikesi,0.0
Le_Kalau,0.0
Leki,0.0
leleytatouey,0.0
lelfe.Sylvain,0.0
lelio,0.0
Lelmose,0.8
Le_M,0.8
Le-Maudit,0.0
LeMayare,0.8
Lemni's Cat,0.0
Lemo,0.0
Lemoncatglue,0.0
Lena.C,0.0
lenco,0.0
Lenda,0.0
LeoB,0.0
leobuecher,0.0
LéoDana,0.8
leo_g,0.0
leog,0.0
LeoL,0.0
Leon,0.0
leon443,0.0
leonardbrunner,0.8
Léonid,0.0
leonlevon0,0.0
leontheux,0.0
Léo-Paul,0.0
leopaul314,0.8
LeoPi,0.8
Leo_Regnier,0.0
leoriem,0.0
Leoryel,0.0
leparasiteduchat,0.8
Lepido,0.0
lepikans,0.0
LePin9ouin,0.0
lePouns,0.0
LePrince,0.0
LePrinceTortue,0.0
LeRoiDesKiwis,0.0
le_science4all,1.0
Lescouet,0.0
LeShrink,0.0
leskenazi,0.0
lesneg,0.0
Lespacialiste,0.8
LeSpartiate,0.0
lestylow,0.0
letabanas,0.0
leto3,0.0
letocart,0.0
letstryit,0.0
Letuur,0.0
Le_Vagabond,0.0
LeValDo,0.0
Levanthanh,0.0
levince,0.0
levouchka,0.8
lewisk,0.0
lexiab,0.0
l.explorateur,0.0
Leydy,0.0
LeYop,0.8
LG,0.0
LG07,0.0
LGBT_Nyx,0.0
lggd69,0.0
Lheureux,0.0
Libell,0.0
LicorneMarine,0.0
lidonis,0.0
Liduor,0.0
lifaon74,0.0
Life,0.0
Ligaab,0.0
ligarnes,0.0
LightKnight,0.0
Lightman,0.0
Lignorant,0.0
ligro,0.0
Likho,0.0
Likoh,0.0
LilaLaubfrosch,0.0
lilbey,0.0
lili,0.0
lilian,0.0
Lililubs,0.0
Lilou_masquee,0.0
Lilxlegends,0.0
Lily_Dasu,0.0
Lilymage,0.0
Limarko,0.0
limpah,0.0
Limpala,0.0
lindryo,0.0
Line_Dup,0.0
Linf,0.0
LinusBleistein,0.0
lioneldeveaux,0.8
Lionel.F,0.0
LionelGermain,0.8
Lionel-Guillemin,0.8
LionelJaquet,0.0
Lionelsacha,0.0
Lion_pourpre,0.0
lipki,0.0
Lisa,0.0
lisa_clarinette,0.0
Lise,0.0
Lise_Moon,0.0
lisune,0.0
litelfifi,0.0
Liva,0.0
Lixye,0.0
lizher.trap,0.0
lju,0.0
Lkerd,0.0
Lkima,0.0
LLequien,0.8
Llius,0.0
lmaisonneuve,0.0
lmxcvbn,0.0
lmzr,0.0
Lnkzm,0.0
Lo1c74,0.0
Lo2k,0.0
lobarbin,0.0
LobbyistHobbyist,0.0
Logaritme,0.0
logrh,0.0
logrim,0.0
lohnns,0.0
Loic,0.0
loiceisti,0.0
Loick,0.0
Lois_ECOFFET,0.8
lois.emmanuel.meyer,0.0
lola.mazzarese,0.0
lollo789,0.0
Lololastreet,0.0
Londa,0.0
longTimeFan,0.8
loockeeer,0.0
Loonam,0.0
loond,0.0
Loooni-11,0.0
Looys,0.0
Lorcan,0.0
Lord_,0.8
Lordhellfire,0.0
LordMouton,0.0
Lorenzo,0.0
Lorenzo1208,0.0
Loris_redstone,0.0
Lorrainvert,0.0
LoSh,0.8
Los_vevos,0.0
Lou,0.0
Lou213,0.0
Lou2i,0.0
loubill,0.0
loucas,0.0
loucool,0.0
lougos,0.0
Lougos,0.0
Louidji,0.0
louiFi,0.0
Louis12234,0.0
louis69,0.0
louisbetzer,0.8
louisdm,0.8
louise.denis,0.0
louisg,0.0
louis.halflants,0.0
Louisher,0.0
louis_ji,0.0
Louis_lechasseur,0.0
LouisLeGrand,0.0
louis_mtrd,0.0
louis.mus,0.0
louis.sinan,0.0
LouisT,0.0
Loujo,0.0
Loulalie,0.0
Lounes7,0.0
loupasc,0.0
LouPelut,0.0
Loupi,0.0
loupVerdure,0.0
Louselim,0.0
Lousteau,0.0
LousyJohnny,0.0
loutro,0.0
LouV,0.0
Loverboy,0.0
LoWe,0.0
LPEZIOL,0.0
lpfaucon,1.0
lpredhomme,0.0
L.R.,0.0
lrakotoson,0.0
lredoub,0.0
LSG,0.8
lstreit,0.0
LTHCTheMaster,0.0
lu,0.0
LucaLani,0.0
lucalban,0.0
Lucas-by,0.8
Lucas.deltour,0.0
LucasFéret,0.0
LucasM,0.0
LUCASMB,0.0
lucasmig,0.0
lucasmuller414,0.8
LucasPerso,0.0
luca.spo,0.0
LucBerton,0.0
Lucbritish,0.0
LucCrazysky,0.0
lucharbour,0.0
Lucia,0.0
LucieA,0.0
LucienDemeulenaere,0.0
Lucienmet,0.0
Lucien.R,0.0
luciensanglier,0.0
Luciensdbr,0.0
lucky638,0.8
LuckyLuc,0.0
luclaf,0.0
lucluc,0.0
lucopas,0.0
LucW,0.0
LUDE,0.0
Ludmilla,0.0
ludo,0.0
Lu_do,0.0
Ludoh2o,0.0
ludolesp,0.0
LUDOMIR,0.0
Ludoow_M,0.0
Ludovic,0.0
Ludovic200,0.0
ludovicsurel,0.0
lughy,0.0
Lugoin,0.8
Luisa,0.0
lujess,0.8
LuK,0.0
Lukio,0.0
Lulu,0.0
Lulubrique,0.0
luluzabo,0.0
lumbre,0.0
Luministe,0.0
lumis12,0.0
lune.titanide,0.0
lunics,0.0
Lunokhod,0.0
Luros,0.0
Lus0rius,0.0
Lutzieb,0.0
Luwalker_Mael,0.0
Luxcifer,0.0
luxul,0.0
Luzgar,0.0
lxledc,0.0
Lyes,0.0
LyFecha,0.0
L.Yggdrasil,0.0
lynx,0.0
LyonVince,0.0
LysandreT,0.0
Lyxie,0.0
M42Orion,0.0
M9l0m6n,0.0
ma4net,0.0
Maaltir,0.0
maarekj,0.0
mabouya,0.0
Mabs,0.0
Maceli,0.0
MaceoDorly,0.0
machandeze,0.8
Machriva,0.0
Mack,0.0
MacLovin,0.0
macoulite,0.0
Mactin,0.0
Mactul,0.0
Madaofun,0.0
madcat,0.0
MadecArchi,0.0
mademoiselle-watson,0.0
madeofmokoi,0.0
madjpm,0.0
MadMarc,0.0
MadMat,0.0
madvic,0.0
madysse,0.0
mael110,0.0
Mael91,0.0
maellbx,0.0
mael.pitou,0.0
MaeMoss,0.0
maepedia,0.0
Maero,0.0
Maestroll,0.0
maf,0.0
Magalie,0.0
magavich,0.0
MagicDenver,0.0
MaGiiK-FoFo,0.0
maginth,0.0
magritt42,0.0
magual,0.0
Mahkda,0.0
MaitreZeb,0.0
Maiwenn,0.0
majda,0.8
makakuf,0.8
makaveli,0.0
Makearth,0.0
makolee,0.0
Makyro,0.0
malami,0.0
Malch,0.0
maldoror,0.0
Malhomme,0.0
Malice,0.8
Malini,0.0
Malizam,0.0
Malko,0.0
mallai,0.0
malo,0.8
Malo_G,0.0
Malotarie,0.0
Malssum,0.0
Malygos,0.0
malymedved,0.0
MamaCmr,0.0
mamichels,0.0
Mamie_Nova,0.0
Mamore,0.0
managaz,0.0
manalfer,0.0
manapanda,0.0
Manaxion,0.0
Mandref,0.8
Mane.abdoulaye,0.0
ManelBer,0.0
Manel.cherrak,0.0
manelhr,0.8
ManoCor,0.8
manonono,0.0
Manssour,0.8
mansu,0.0
Mantequila,0.0
mAntho,0.0
manu1018,0.0
ManuB,0.0
manuel.bimich,0.0
manugira,0.0
manukmer,0.0
ManuLB,0.0
MaoulidaRaoul,0.8
Mapi,0.0
Mapomme,0.0
Maradolen,0.0
Marc2718,0.0
marc34,0.0
Marc38,0.0
Marc45,0.0
MarcAlzieu,0.0
Marc-Antoine,0.0
Marcassin,0.0
MarcBgt,0.0
MarcBousquet,0.0
MarcD,0.0
MarcDillar,0.0
Marceaume,0.0
marcel,0.0
marcelino,0.0
MarcelR,0.0
Marc_G.,0.0
MarcG,0.0
marchal.jn,0.0
Marcost,0.0
marcusey,0.0
MarcVst,0.0
Marduk,0.0
marek123,0.0
Maret,0.0
Margelacool,0.0
marg_mahieu,0.0
Margot,0.0
mariambzd,0.0
mariametig,0.8
marica,0.0
MarieBoichouille,0.0
MarieDuPlessis,0.0
mariehelenecornet,0.0
Marie-Louise,0.8
marina36,0.0
Marine,0.0
mariogeiger,0.0
Marion,0.8
MarioRuiz,0.0
Mariousse,0.0
marissonsoneur,0.0
Marius,0.8
Marius_785,0.0
mariusdubosc,0.0
marius.duvillard,0.0
Marlene,0.0
Marlepp,0.0
maroxib,0.0
MarP_IX,0.0
mart1ver,0.0
Martial,0.0
martin.bonte11,0.0
MartinCirice,0.0
martin.cronel,0.0
MartinG,0.0
martinhamel,0.0
martinijus,0.0
MartinS,0.0
MartinSan,0.0
MartinSerre,0.0
Martin_Who,0.0
Marx2024,0.0
Marxteo,0.0
Mary,0.0
Masherbrum,0.0
Masona,0.0
maspero,0.0
masubtil,0.0
mateothom,0.0
Mateye,0.0
Matezzi,0.0
Math,0.0
Mathart,0.0
Mathi3u,0.0
mathias38000,0.0
mathias.soulhol2,0.0
mathieu_augier,0.0
mathieub,0.0
mathieubm,0.0
mathieu.boulaz,0.0
mathieu.branca,0.0
MathieuDuteil,0.0
MathieuFV,0.0
Mathieugv,0.0
MathieuPerrin,0.8
MathieuRochat,0.0
MathieuSauva,0.8
MathieuTournesol,0.0
Mathis,0.0
mathisfids,0.0
MathisJacquesGeorges,0.0
MathisVermeren,0.8
mathk,0.0
MathouLrt,0.0
Mathoz,0.0
Mathurin,0.0
Matilda,0.0
mati_lemati,0.0
Matis,0.0
MatL,0.0
Matmaxd,0.0
Matoone,0.0
matovitch,0.0
Matriarch6320,0.0
matsp,0.0
matt,0.0
Matt,0.8
mattcam,0.0
MattCNRS,0.0
matteodelabre,0.8
Mattherix,0.8
Matthias,0.0
matthias.aveddo,0.0
Matthieufort,0.8
matthis.maupas,0.0
Matthzor,0.0
mattmatthieu,0.0
mattop73,0.0
MattX20,0.0
Mattyeux,0.0
Mattyghan,0.0
Mauck,0.0
maudemeh,0.0
Maudg,0.0
Maulkyn,0.0
MauvaisOeil,0.0
mauwpawa,0.0
maverick,0.0
Max666,0.0
Maxas1,0.0
maxb,0.0
MaxBdn,0.0
maxchkoulanov,0.0
maxcosme,0.0
maxctn,0.8
Maxe,0.0
maxence,0.8
Maxence,0.0
MaxenceF,0.0
MaxFarfouille,0.0
maxfrenchgm,0.0
maxgag,0.0
MaxiDonkey,0.0
Maxiim,0.0
maxiime,0.0
-Maxime-,0.0
Maxime,0.92
Maxime01,0.0
maxime_116,0.0
Maximeboillat,0.0
Maxime_Martinez,0.0
MaximeMonterin,0.8
maxime.pierront,0.0
maxime.robinne,0.0
maximiliense,0.8
Maximus77,0.0
Maxivan,0.0
MaxP,0.0
maxu,0.0
Max-xaM,0.0
Mayl,0.0
mayonnezh,0.0
mayt38,0.0
Maze88,0.0
Mazelx,0.0
mazerti,0.0
mazinger,0.0
mazorro,0.0
mb,0.0
mb1v,0.0
MBch,0.0
MBerlioux,0.0
mbourg,0.8
mcbetterthanreallife,0.0
Mcgreco,0.0
Mckey,0.8
MCL186,0.0
MCMDL,0.0
Mcmout,0.0
MCubaud,0.0
mdjsam,0.0
MDoggo,0.11
mdregis,0.0
mduflot,0.0
me3lich,0.0
Méandre,0.8
Mecagref,0.0
Medelk,0.0
Meerkat,0.0
megaLUS13,0.8
Meghys,0.0
meg_usta,0.0
mehdi,0.0
Mehdi,0.0
mehdi.rouissi,0.0
Mejdi,0.0
Mekmo31,0.0
Melicerte,0.0
melix,0.0
Melkart,0.0
MelonCarpaccio,0.0
melouais,0.0
Melrok,0.0
mementOmay,0.0
Memmius,0.0
Menepsis,0.0
Menethar,0.0
menohomo,0.0
menouaw,0.0
Mentel,0.8
Méreaux,0.0
Mergamaute,0.0
meridiona,0.0
Messhugah,0.0
Messoermi,0.0
MestreBelette,0.0
metaladdict,0.0
Metal_Francis,0.0
metallurgeek,0.0
Metastone,0.0
Metaxu,0.0
Meunier,0.0
meut35,0.0
mgregorio,0.0
mgth,0.0
MH,0.8
Mia,0.0
MiaAnge,0.8
Miadeom,0.0
MIakopa9,0.0
Miaoule,0.0
Micael,0.0
Mich75,0.0
Michaël,0.0
MichaelL,0.0
Michaël LEFEL,0.0
Michaud,0.0
Michelletgug,0.0
MichelMaurin,0.0
michel.ruffier,0.0
michlaf61,0.0
Michoob,0.0
mick,0.0
micka,0.0
Micka,0.0
Micka8491,0.0
Mickael67,0.0
MickaëlH,0.0
Mickey5991,0.0
Micky_Tick,0.0
Midday,0.0
midefro,0.0
Midou1966,0.0
Midrashim,0.0
MidshipCC,0.0
migwelmi,0.0
Miitsu,0.0
Mike,0.0
MikeB12,0.0
mikebobby,0.0
mikecycloto,0.0
Mike-le-Terrien,0.0
MikeO,0.0
mikhaelcarmona,0.0
Mikmika64,0.0
mil,0.0
Milaim,0.0
Milanaarz,0.8
Milastyne,0.0
milizam,0.0
MilleSabords,0.0
Milo,0.0
Milobelius,0.0
Mimil_,0.0
Mimirk,0.0
Mindtheos,0.0
Mini,0.0
minijackson,0.0
minos31,0.0
Minouil,0.0
Mints,0.0
Mipha27,0.0
MiracleMaax,0.8
Miralor,0.0
Mireille64,0.0
miremi9,0.0
Miroslav1300,0.0
MishLeMarin,0.0
Misk,0.0
MissCha,0.0
Missiletêtechercheuse,0.0
missing_semicolon,0.0
mistercobbe,0.0
misterdouch,0.0
Mistergadjoboy,0.0
Mistergoat42,0.0
MisterJambons,0.0
misterjo47,0.0
Mitch22,0.0
Mittvood,0.0
Miya,0.0
mjsith13,0.0
MK,0.0
Mko,0.0
mkpero,0.0
mlkdru,0.0
Mm78,0.0
MMA,0.0
Mmm,0.0
mmxm,0.0
mneme,0.0
Moandor,0.0
Moanho,0.0
mobydick,0.8
mof,0.0
Mogow,0.0
mohamed_321,0.0
Mohamed_Kattra,0.0
Mohammed,0.8
moimeme,0.0
Moimeme,0.0
Moimoi,0.0
Moïse,0.0
Mole,0.0
Molipoo,0.0
moltonel,0.0
moma,0.0
Momed,0.0
Momo,0.0
momo225,0.0
Momo90,0.0
momom2,0.0
mongtsing,0.0
monoy,0.0
MonsieurPou,0.8
Monty158,0.8
moogly81,0.0
Moomin,0.0
MoonKnight,0.0
Moon_shun,0.0
MoOp,0.0
Moran,0.0
morelo,0.0
morewrong32,0.0
Morgan,0.0
mori,0.8
MorianTiern,0.0
Morja,0.0
Moroh,0.0
Morphee,0.0
MorpheeD,0.0
Morse,0.0
Mothas,0.0
Motomotomas,0.0
Mougrouff,0.0
moumouzz,0.0
Moun99,0.0
Mous,0.0
mousman,0.0
Moutontone,0.0
Moyafactor,0.0
Moÿt,0.0
mquasipremier,0.0
MrAdler,0.0
MRC,0.0
MrChamo,0.05
MrEpicKiwi,0.0
MRick,0.0
Mr_Kiki,0.0
mrlasagne,0.8
MrLouka,0.0
mrmatthias,0.0
mrmick,0.8
MrMumu,0.0
Mroaou,0.0
MrPasteque,0.0
MrRico,0.0
MrRipsa,0.0
mrRobot,0.0
Mrsinham,0.0
Mr_Smits,0.0
mr_spock,0.0
mr_sternom,0.0
MrTomcat,0.0
Mr.zizou,0.0
Msalmon,0.0
msamoqueira,0.0
mserranorichez,0.8
Mt,0.0
mt6701,0.0
Mucharo,0.0
MuchAtHome,0.0
Muetdhiv3r,0.0
muffinstheapartment,0.0
Muika33,0.0
Mumu,0.0
mundiplacetetspiritusminima,0.0
Muni,0.0
Mur2Fer,0.0
Murky,0.0
murlofute,0.0
Murmur,0.8
Mushroom-Flower,0.0
Mussaka,0.0
Mutre,0.0
MVA,0.0
mvk,0.8
MW,0.0
mwalschaers,0.0
mxcrml,0.0
Mycelius,0.0
myleneueda,0.0
Mylka,0.0
Myllac,0.0
myobis,0.0
myrdhin,0.0
Myriapode,0.0
Myrmekdon,0.0
myself,0.0
NA,0.0
Naash,0.0
NacelisMircol,0.0
Nacim,0.0
NadalTheOne,0.0
NadiaNoh,0.0
nadoxi,0.0
Nael,0.0
Naël,0.0
naghash,0.0
Nahassi,0.0
NaïanMetronome,0.8
Naidran,0.0
Nairod67,0.0
Naivuon,0.8
Nakalime,0.0
Nalafabi,0.0
nalban,0.0
naldir,0.0
NamrA_,0.8
Nana_Hurlante,0.0
Nani,0.0
Nano,0.0
Nanomaniach,0.0
nanookx2002,0.0
Naokii,0.0
Napo,0.0
Narada,0.8
narcosse,0.0
narkhix,0.0
narkosmik,0.0
narusite,0.0
Nasroméa,0.0
Nassime,0.0
Nastasiia,0.0
Natachatsomo,0.0
Natebe,0.0
Natell.36100,0.0
natelxxvii,0.0
Nath,0.0
nathan,0.0
Nathan,0.0
Nathan45,0.0
Nathanael,0.0
NathanColl1,0.0
nathanfrp,0.0
nathan.lebas,0.0
nathan.out,0.0
Nathug,0.8
NatNgs,0.0
nato_natawara,0.0
Naunau_12,0.0
NavNico,0.0
Naw,0.0
nawel,0.0
Nawochi,0.0
nbardon,0.0
ncarcail,0.0
ndio,0.0
ndy0,0.0
Ne8el,0.0
Neafs,0.0
Neatness8750,0.0
Neayllhe,0.0
neborion,0.0
needa,0.0
NeekoInAbsentia,0.8
nefnef,0.0
nefspeak,0.0
neibafs,0.0
neilatinc,0.0
Neilnio,0.0
Neirpyc,0.0
Neispe,0.0
nejiwark,0.0
Nek,0.0
Nekkets,0.0
nekosukeno,0.0
neldivad,0.0
Nelson,0.0
Nelwep,0.0
Nelwyn,0.0
Nem0oo,0.0
NEM0Z,0.0
Nemo,0.0
Némo,0.0
Neofoxy,0.0
neo_greg,0.0
neojick,0.0
Neoki,0.0
Neolilo,0.0
Neolito,0.0
Neolynne,0.0
neomoi,0.0
neoneuro,0.0
Neotaku67,0.8
neotok,0.0
Neotys,0.0
NeoVenezia,0.0
NeoZer0,0.0
Nepomucene,0.8
nerium,0.0
Nervada,0.0
NestorTheCastor,0.0
netangel,0.0
NetMs,0.0
Neur0ne,0.0
neurodad,0.0
Neveryatis_,0.0
Nevorist,0.0
newatir,0.0
Neway,0.0
newbi,0.0
Newlon,0.0
Newsoul,0.0
NexMaxu,0.0
nf,0.0
Nfaure,0.0
-NFW-Yates-,0.0
NGaulo94,0.0
NGO,0.0
NGOW,0.0
nguyenchr,0.0
nguyen_laurent,0.0
niafrond,0.0
Niarue,0.0
Nibbler,0.0
Nible,0.0
NiborStriker,0.0
Nic,0.0
nicarrara,0.0
NiceB4dge,0.0
Niclolas,0.0
ni.co.,0.0
nico,0.0
Nico14121973,0.0
Nico21,0.0
nico62100,0.0
Nico64,0.8
Nico80,0.0
nico_b,0.0
ni-coco,0.0
Nicode,0.0
Nicodemus,0.0
NicoDuche,0.0
NicoFep,0.0
-Nicolas-,0.0
Nicolas21,0.0
nicolas76,0.0
nicolas8277,0.0
Nicolas83,0.0
NicolasD,0.0
NicolasDeveaud,0.0
NicolasDu,0.0
NicolasEven,0.0
nicolas.garcin,0.0
nicolas.julien80,0.0
nicolas.martiny,0.0
NicolasP,0.0
NicolasPengov,0.0
nicolasr,0.0
nicolas.szpakowski,0.0
NicolauBN,0.0
NicoO,0.0
NicoPopy,0.0
nicopradi,0.0
NICOSCHNEB,0.0
nicotibo,0.0
Nicozer92i,0.0
Nierin,0.0
Nietplein,0.8
night,0.0
Nihdogg,0.0
Niipah,0.0
nijerbzh,0.0
Niji,0.0
Niko,0.0
Nilou,0.0
nils,0.0
Nilslip,0.0
nilsRenaud,0.0
Niltrano,0.0
nimajneb,0.0
nimbol94,0.0
Ningirsu-Orphegel,0.0
Nini,0.0
Niniz,0.8
Ninno,0.8
Ninoss,0.0
ninteo,0.0
Niralod,0.0
Nirina,0.0
Nirmak,0.0
nissauce,0.0
Nithuya,0.8
Nitro,0.0
Niz_,0.0
Nizmo,0.0
NM,0.0
nmartinez,0.0
nmass878,0.0
nmatton,0.0
no4,0.0
Noagave,0.0
Noam,0.0
NoaPe,0.0
noar,0.8
nobody,0.0
NoBody,0.0
Noe,0.0
Noe37,0.0
noe74,0.0
NoeC,0.0
Noël,0.0
NoelleDF,0.0
noelmeylan,0.0
NoeRabaud,0.0
no_fortkids,0.0
NoGoLo,0.0
Nohrn,0.0
noiraula,0.0
Noj,0.0
Noll,0.0
nolongerapalmtree,0.0
Noltos,0.0
nolwenn,0.0
Nomanocra,0.0
Nombrilist,0.0
Nom_d_utilisateur,0.0
nomorsad,0.0
Noni,0.0
Nono,0.0
Nono2405,0.0
Nono666,0.0
nonoasticot,0.0
nonododo12,0.0
Noone,0.0
NO_Pasaran,0.8
nor120oi,0.0
norbaitnunbait,0.0
Norbebert,0.0
Norbert,0.0
Norbert42,0.0
norman,0.0
Noro,0.0
Nosson,0.0
Nostapouik,0.0
notb35,0.0
NotBen,0.0
Note_Damien,0.0
Nottgonalei,0.0
NounoursPanda,0.0
Nours,0.0
Noursnours,0.0
nouveau,0.0
Nowis5,0.0
nowiz137,0.0
noxisumbrae,0.0
noxparadox,0.8
Noyda,0.0
NozaSp,0.0
Nozziak,0.0
np91,0.0
nprime496,0.0
NR,0.0
nradde,0.0
Nsy,0.0
nt22,0.0
Nuage123,0.0
nuftau,0.0
Nuipir,0.0
nuke.smc,0.0
Nulltread,0.0
Nurman,0.0
NVall,0.0
nwrk,0.0
Nyahon,0.0
nycrob,0.0
nym1412,0.0
nymmartin,0.8
Nyutt,0.0
Nyxie,0.0
NZ,0.0
Nzo159,0.0
Ob,0.0
Obédiant,0.0
Oberric,0.0
Obilolo,0.0
objeo,0.0
obladioblados,0.0
obli34,0.8
océane,0.0
Océane,0.0
OceanWave,0.0
octave,0.0
OctaveSi,0.0
odalise33,0.0
Odhinnson,0.0
odhul,0.0
odiousA,0.0
oDn,0.0
Odolyte,0.0
ogm,0.0
oha,0.0
Ohayouofdream,0.0
oioi,0.0
ok3z,0.0
Okyear,0.0
OL9245,0.0
Olann,0.0
oldboy,0.0
olea72,0.0
Oleg,0.0
Olex07,0.0
Olf,0.0
olipiano,0.0
Oliquero,0.0
OliveVerte,0.0
Olivier883,0.0
olivier.avellan,0.0
olivierc,0.0
OlivierD,0.0
Olivier_Doussiere,0.0
OlivierH,0.0
olivierhaioun,0.0
OlivierP,0.0
Olivier.RUatta,0.8
OlivierTournesol,0.0
oliviid,0.0
OlllieB,0.0
Olmagzar,0.0
OlyRicks,0.0
olyweb,0.0
oma,0.0
Omagh,0.0
omatousou,0.0
Omi,0.0
Omicron,0.8
omoindrot,0.8
OncleArchibald,0.0
OncleJimbo,0.0
Onizjuka,0.0
Onkoo,0.0
OnOff,0.0
Onyr,0.0
ooberholzer,0.0
ooobrillant,0.0
Oo-SiriouSs-oO,0.0
op3nus3r,0.0
opengolfSuturing,0.0
Oposom,0.0
Opsse,0.0
Optima,0.0
OptimisticKestrel,0.0
OR74,0.0
ora,0.0
orabh,0.0
Orbalcore,0.0
Ordeith,0.0
Orden42,0.0
Orel,0.0
Orel64,0.0
Orfeas,0.8
oriann,0.0
Orion38,0.0
Orionss,0.0
Orland,0.0
Orn0,0.8
Oroborus,0.0
Orphée67,0.0
OrsoF,0.0
orthosol,0.0
OscarBD,0.0
oscar.l,0.8
Oscar_Pasta,0.0
oscarv,0.87
oSeFu,0.0
Oseph,0.0
Osiris,0.0
OsKaR31415,0.0
oskoor,0.0
Osmund,0.0
Osol,0.0
osso,0.0
Ostravai,0.0
Ota,0.0
otoro,0.0
otthorn,0.8
oui,0.0
Oui_GTS,0.0
Ouinon,0.0
ouioui,0.0
oupyouaout,0.0
Ourcoloque,0.0
Ousny,0.0
Ousteau,0.8
overcraft,0.0
Owly,0.0
Owrel,0.8
Oxaly,0.0
Oxyd23,0.0
oxyde,0.0
oxytocin,0.0
oznog,0.0
Ozymandias,0.0
ozzaa128,0.0
P3770K,0.0
P4kr8,0.0
p4ps,0.0
Pa,0.0
PA,0.0
Paazu,0.0
pablojbrs,0.0
PabloP,0.0
Pachou,0.0
packpak,0.0
Pacman,0.0
pacodelavega,0.8
pad,0.0
paderewski,0.0
Pafap,0.0
PaFou,0.0
PaKo,0.0
Palindrole,0.0
Paloth,0.0
PALUCK,0.0
pamango,0.0
pampam,0.0
pamplemousse,0.0
Pamputt,0.0
Pandami,0.0
Pandapapa,0.0
Pandarte,0.0
Pandas,0.0
PandiPanda,0.0
PandorasRed,0.0
Pandorow,0.0
panpaniscus,0.0
Panplebul,0.0
panpou,0.0
Panrha,0.0
PanzerFlix,0.0
papelior,0.8
Papnix,0.0
papou76fr,0.0
papouchka,0.0
Papouchka,0.0
papygorgio,0.0
papyWan,0.0
Paquerette,0.0
paradoxe,0.0
Parakeregreses,0.0
ParaMick,0.0
paranoia25,0.0
parapluieblbl,0.0
Pardel,0.8
Pascal_91,0.0
pascale,0.0
PascalG,0.0
Paska,0.0
Paskalo,0.0
Passworld,0.0
pastafarien,0.0
Pasto,0.0
Pastux,0.0
pat973,0.0
Pata,0.0
Patafikss,0.0
Patakess,0.0
Pataplouf,0.0
Patapon,0.0
patatedouce,0.0
patcian,0.0
Patcol62,0.0
Patechoc,0.0
Patee_De_Flan,0.0
Pateuh,0.0
patrice.copin,0.0
Patrick,0.0
patrick.behm,0.0
PatrickL,0.0
paul,0.8
Paul,0.0
Paul66,0.0
PaulBithmut,0.0
Paul-Elouen,0.0
PaulFG,0.8
PaulineA,0.0
PaulineD,0.0
pauliner,0.0
paul.leboulenger,0.0
Paul.mzs,0.0
Paulock,0.0
paulpatault,0.0
Paul-R,0.0
paul_roux,0.0
paul.stoens,0.0
paulux,0.0
Paÿpaÿ,0.0
paz1chat,0.0
pazad,0.0
pazazel,0.0
Pazu,0.0
pb,0.0
pbl,0.8
PBoisgard,0.0
pbozhok,0.8
pcalta,0.0
pcauchy,0.0
pcharbit,0.0
pconort,0.8
Peaupote,0.0
peck,0.0
pedrion,0.0
pedrok,0.0
pedro_rouge,0.0
Peduch,0.0
peluche,0.0
Penncroff,0.0
Peonies,0.0
Pépéjo,0.0
Pepper,0.0
Pepside,0.0
Pequignon,0.0
Peragus,0.0
Perdican,0.0
perecastors,0.0
pereira,0.0
Périhélie,0.0
Persite,0.0
Personne,0.0
Pessoa,0.0
petitcubedeglace,0.0
petitDodo2369,0.0
PetiteLoutre,0.0
PetitePierre,0.0
Petithom,0.0
PetitPierre,0.0
petrabulum,0.0
petrus,0.0
Petzy65,0.0
Peuf,0.0
peyretfr,0.0
Pezynj,0.0
pferney,0.8
pfevrety2,0.0
PG88,0.0
pga.tournesol,0.0
PGreb,0.0
Ph0tonic,0.0
PH3NiX,0.0
pharch,0.0
Phatboy,0.0
Phelim,0.0
phenix99,0.0
Phil07,0.0
phil78,0.0
Phila29,0.0
Philein,0.0
Philemon6clone,0.0
phileuckx,0.0
PhilFree,0.0
Phil_Go,0.0
Philigim,0.0
philipoutou,0.0
Philippe64,0.0
philippe.hot,0.0
Philou,0.0
Philoxime,0.8
Phimarx,0.0
Phlimy,0.0
phoebzz,0.0
Phoenix90,0.0
phosselet,0.0
photosam,0.0
PHPierre,0.0
phsb,0.0
phyco,0.0
Phyz,0.8
Piazzley,0.0
Pic0,0.0
Pickraft,0.0
pickrat,0.0
Pidji,0.0
Pidou,0.0
piequittet,0.0
pieral,0.0
Pieroro,0.0
pierre00702,0.0
Pierre_165,0.0
Pierre3000,0.0
pierre_a,0.0
PierreBabinet,0.0
PierreBarrat,0.0
Pierrebriac,0.0
pierrecharbs,0.0
PierreCommes,0.0
Pierrega99,0.0
pierre-gradit,0.0
Pierregtt,0.0
pierreheyv,0.0
PierreHoudayer,0.8
PierreL,0.8
PierreLaur,0.0
Pierre M,0.92
pierre.marige,0.0
Pierre-Olivier,0.0
pierreozoux2,0.0
pierre.parmantier,0.0
PierreQ,0.0
PierreS,0.0
Pierre.T,0.0
PierreTETU,0.8
pierretran,0.0
Pierriroule,0.0
pierro_la_place,0.0
pil,0.0
Pil,0.0
PileHier,0.0
Pilgrim,0.8
PILOU,0.0
piloust,0.0
Pilpin,0.0
Pim,0.0
Pimp840,0.0
Pimy_1234,0.0
pinchal,0.0
pineapplegodguy,0.0
pingfab,0.0
pinguetto,0.0
Pinkaw,0.0
PinkPillow,0.0
Piotrovic,0.0
piou,0.0
Piou,0.0
Pipeau,0.0
Pipek,0.0
Pipouan,0.0
Piquemal,0.0
Pirmk,0.0
pirodelsol,0.0
piromagnus,0.8
Pirouette,0.0
Pirrimus,0.0
Pirro,0.0
Pirto,0.0
Pisamad,0.0
Piskouille,0.0
pissenlit,0.0
Pissenlit,0.0
pi-stone,0.0
pit,0.0
Piwy,0.0
pixeldefiguier,0.0
pixelpirate,0.0
pixipixi,0.0
Pizza,0.0
pjacob,0.0
pKyburz,0.0
Plaaaty,0.0
placarddufutur,0.0
plaiseek,0.0
plantedusoleil,0.0
plasticanard,0.0
Plastictounu,0.0
Platy,0.0
plelievre,0.0
plesyx,0.0
PLinho,0.0
Plok,0.0
Plokkke,0.0
Plomberiepjp,0.0
Plouf,0.0
Ploumtralala,0.0
Ploup,0.0
PltAmr,0.0
Plumauvent,0.0
Plume,0.0
PM,0.0
pMangin,0.0
Pmassch,0.0
pmfatz,0.0
Pohoua,0.0
poirekanard,0.0
poity,0.0
Pokodeio,0.0
Pokolio10,0.0
pokomams,0.0
polarolouis,0.0
Polito,0.0
pollivie,0.0
Pollux04,0.0
polo,0.0
Polo1575,0.0
polonez,0.0
poloplasma,0.0
Poloroti,0.0
Polune28,0.0
polyedre,0.0
Pommo,0.0
Poneya,0.0
PongChess,0.0
poplitin,0.0
PorcPiquant,0.0
Porkepik,0.0
Porras1,0.0
Poslovitch,0.0
Poso,0.0
potiron,0.8
Poubelle,0.0
PouBelle,0.0
Pouch,0.0
Poufpouf,0.1
pougacioff,0.0
Poukrad,0.0
PouletRaPHOO,0.0
poulpoule,0.0
poups,0.0
Pourquoipas,0.0
poussinbleu,0.0
Povnain,0.0
Poxelius,0.0
PP44,0.0
ppagianga,0.0
pqp,0.0
Pradow,0.0
PraiseLordRNG,0.0
praxoum,0.0
Prescilla,0.0
primalmotion,0.0
Primerose,0.8
Priscilla,0.0
Procaspase,0.0
ProfesseurFougere,0.0
Proff77,0.0
Prof_OMejean,0.0
Profpatsch,0.0
prog-x,0.0
Projectif,0.0
proxy974,0.0
prRoumanet,0.8
Pseudo,0.0
psockeel,0.0
Pssst,0.0
psyked,0.0
PsykoShadok,0.0
Pterygoidien,0.0
pthom,0.0
PtitLu,0.0
ptrico,0.0
Publio,0.0
Purpl_Kazou,0.0
PurrfectlyPawsome,0.0
pussy,0.0
pvincent5,0.0
Pvnrt,0.0
pymistiaen,0.0
pyral343,0.0
PyrDeus,0.0
Pyrosh,0.0
Pyross,0.8
pyrostar007,0.0
PythonGrotesque,0.0
qarnaud,0.0
qbouccin,0.8
Qd39,0.0
Qed,0.8
qenydir,0.0
qercws,0.0
QinXinlan,0.0
QJFR,0.0
QNTNQNT,0.0
QuantumSoul,0.0
QuarkSpin,0.0
Quatrelle,0.0
Qub.96,0.0
Quent,0.0
quentcha,0.0
Quentin78,0.0
quentinB,0.0
Quentinf,0.0
Quentinl,0.0
quentinmangel,0.0
QuentinN42,0.0
QuentinPara,0.0
querelle,0.0
Quevlahr,0.0
Quezako,0.0
quino,0.0
Qyodaj,0.0
Qzdxx,0.0
r0xsh,0.0
R1000,0.0
R4571,0.0
r4m4n,0.0
rabah,0.8
Rabou,0.0
rackham,0.0
Raconteur,0.0
Radamanthe,0.0
Radbod,0.0
radhouane,0.0
Raegarth,0.0
rael06,0.8
Rafael,0.0
Rafale2b,0.0
rafblue,0.8
rafifoo,0.0
Rafik,0.0
Rafka,0.8
raftoun,0.0
raghnarok,0.0
RagosT1,0.0
Ragoudcep,0.0
Rahim,0.0
Rahula,0.0
Rail76,0.0
Rainc,0.0
Rakkm4n,0.0
raknjarasoa,0.0
Rakshasith,0.0
Raky,0.8
Ralain,0.0
ralfi2,0.0
RalphiLaTchoin,0.0
ralphS16,0.0
ram,0.0
rambip,0.0
Rame,0.0
random,0.0
RandomArthur,0.0
RandomBaguette,0.0
random_nerd,0.0
Ranosuki,0.0
rapal,0.0
raph,0.0
raph_00251,0.0
raphael,0.0
Raphael,0.0
Raphaël,0.8
RaphaëlB,0.0
Raphaelint,0.0
raphaeljoie,0.0
RaphaelleB,0.0
raphaelmiz,0.0
raphaelreme,0.0
RaphaelStussi,0.0
RaphAstronome,0.8
RaphBnrd,0.8
raphcath,0.0
Raphidon,0.0
Raphy,0.0
raphzero,0.0
RapSmith,0.0
raratak,0.0
Rascar,0.0
Rasp,0.0
rastapopoulos,0.0
Rastiti,0.0
Rat10Khal,0.0
Ratchanok,0.0
Rationaliste,0.0
ratybox02,0.0
RAULO,0.0
RavhY,0.0
rayan,0.0
rayanB,0.0
rayanbi,0.0
Raymhi,0.0
Raziel,0.0
razmio,0.0
rboue,0.0
rcarrow,0.0
Rchava,0.0
rdemont,0.0
rdionisi,0.0
récichainederap,0.0
RecomComp,0.0
Recommandésous6jours,0.0
red,0.0
Reddawks,0.0
Redgebull,0.0
redgis,0.0
RedGuff,0.0
Redman,0.0
redouane1_,0.0
redSpoutnik,0.0
Redswap,0.8
Redulf,0.0
reepier,0.0
Régis D,0.0
Reilack,0.0
Reinrag,0.0
reitnomud,0.0
ReJoin,0.0
RekMa,0.0
Relex12,0.0
rem,0.0
Rem,0.0
remax,0.0
Remdecos,0.0
remgre,0.0
Remi,0.0
remi146,0.0
remicoreen,0.0
RemiDurez,0.0
remihb,0.0
remi.nahon,0.8
remi_nahon,0.0
RémiRémi,0.0
remisechaud,0.0
remitche,0.8
REMqb,0.0
rems2rems,0.0
remy,0.0
remy_,0.0
rémy,0.0
RémyG,0.0
remy.laroche1,0.0
remyrdd,0.0
Renard,0.0
renardalpin,0.0
Renardbleu,0.0
Renaudg,0.8
rene,0.0
ReNé,0.8
Resppo,0.0
Résurgence,0.0
Retournelesol,0.0
Revan,0.0
RevolutionFever,0.0
Reyla98,0.0
Rezus,0.0
RH007,0.0
Rhizome,0.0
rhombur,0.0
Rhumantyk,0.0
Ribleshark,0.0
Riboul,0.0
Ribouldingue,0.0
Ribvoski,0.0
ricci2699,0.0
richard,0.0
richard.bro,0.0
Richard.Kimble,0.0
richardT,0.0
Rick,0.0
rick5016,0.0
rickc137,0.0
Ricou,0.0
Ricounnet,0.0
rida,0.0
Rida,0.0
Ridlaid,0.0
riendutout,0.0
riks1980,0.0
rilax17,0.0
rinema9,0.0
Riri,0.0
Riserock,0.0
ritterschaft,0.0
rlubin,0.0
RM,0.0
rmahmoud,0.0
RMATHURIN,0.0
rmeurice,0.0
rmeurs,0.8
rnollet,0.0
Roange,0.0
Rob1,0.0
rob26,0.0
Robert79,0.0
Robert_Lampion,0.0
Robin,0.0
Robinbinbin,0.0
robink,0.0
RobinM,0.0
Robin.Rature,0.0
Robson,0.0
Robzouz,0.0
RoDeau,0.0
RoDelta,0.0
Rodgamer06,0.0
Rodoco,0.0
RodolpheLudika,0.0
Rody,0.0
Roidon,0.0
rokonio,0.0
rolandvl,0.0
rolo,0.0
Romain,0.0
romain23,0.0
Romain73fr,0.0
romainb,0.0
romaindurand,0.0
RomainM,0.0
Romain_Mamert,0.0
Romain_PC,0.8
RomainVet,0.0
RomainXye,0.0
Roman,0.0
Roman_Stemplowski,0.8
Romaric,0.0
Rombob14,0.0
romdra,
rom_pits,0.0
ronan,0.0
ronnay,0.8
Ronpive,0.0
rools,0.0
RoPel,0.0
roptat,0.8
Rorchar,0.0
Rorodu69,0.0
Roscoe867,0.0
Rose,0.0
rossetienne,0.0
rotciv,0.8
Roudnitska,0.0
Roudovic,0.0
Roufia,0.0
roul,0.0
Rouliannnn,0.0
rousseya,0.0
Rouxblar,0.0
Rox828,0.0
RoxanneGiroux,0.8
Rozwee,0.0
RP87,0.0
rpz,0.0
rreuter,0.0
Rrjgeom,0.0
ruadh,0.0
rubbrecht,0.0
RubenG,0.0
rubenrossi,0.0
rubiyz,0.0
rubor33,0.0
ruhmkorff,0.0
Ruhtra,0.0
rutra,0.0
Ruyd,0.0
rvieux,0.0
rvn-jones,0.0
Ryouh,0.0
ryra6453,0.0
s0je,0.0
Saca,0.0
SachaAlex,0.0
sadeghf,0.8
Sadoron,0.0
sadraskol,0.0
Safara,0.0
Safran,0.0
Sagosaï,0.0
saifaa,0.0
SaigreenJo,0.0
Sailxe42,0.0
Saïmon,0.0
saintlaurentdupont,0.0
Saioche,0.0
Sakarov,0.8
Sakato,0.0
SaladeFurtive,0.0
Salammbo,0.0
Salamy,0.0
Salla,0.0
Salpêtre,0.0
Salsepareille,0.8
salut,0.8
Salutctitou,0.8
Salve,0.0
Salviadorine,0.0
Salviah,0.0
sam,0.8
Samael22,0.0
samik,0.0
Samiloucif,0.0
Samnang,0.0
Samolexie,0.0
Samos,0.0
Samouraiduweb,0.0
Samperfield,0.0
SamSam,0.0
samset,0.0
samsja,0.0
Samuel,0.0
samuelbarbaud,0.0
samuelnihoul1,0.85
Samuelper,0.0
Samulus.i.n,0.0
samusz,0.0
SamW,0.0
samy.rezzouqi,0.0
samysam,0.0
Sandinoh,0.0
Sandra,0.0
sandre35,0.0
sandrine_pantaleo,0.0
sannac,0.0
Sanzeuh,0.0
Saphi,0.0
sarahGé,0.0
Sarameen,0.0
sarcosuchus,0.0
sariputra,0.0
Sashimi,0.0
Saskia,0.0
satanfu,0.0
Sati,0.0
Sato,0.0
sattisvar,0.0
sauritau,0.8
Savoirrire,0.0
Saxifrage,0.0
Sayu,0.8
sbernard,0.0
SBZ,0.0
sbz35,0.0
scar,0.0
Scaracol,0.0
Scarflox,0.0
scayrol,0.0
Scentynelle,0.0
sceptique-sheep,0.0
schadoki,0.0
schellekensv,0.0
schmetter,0.0
schmittythepirate,0.0
schoepi,0.0
Schreibee,0.0
schrodinger42,0.0
Sciencecool,0.0
Scimols,0.0
sclery,0.8
Scorvol28,0.0
scorzen,0.0
Scuym,0.0
sdch,0.0
sdergherqs,0.0
SDK,0.0
Seal20,0.0
Seb222,0.0
Seb643393,0.0
sebabalos,0.0
sebastien,0.0
Sébastien,0.0
sebastien13,0.0
sebastien_fasel,0.8
SebastienPetillon,0.0
sebbod,0.0
sebcolla,0.8
sebcworks,0.0
SebG,0.0
sebgab,0.8
seblondeau,0.0
Seb Mantel,0.8
seboll13,0.0
Sebos,0.0
Seboss,0.0
sebsebseb,0.0
Sebtantesept,0.0
Secouss,0.0
Secri,0.8
seddik.tizit,0.0
sedjryue,0.0
Seglinglin,0.8
sehep,0.0
Seizansha,0.0
sekel999,0.0
Sekourson,0.0
Selasserre,0.0
Selpăo,0.0
senoshi,0.0
Senshi,0.0
Seph,0.0
Sephi26,0.0
Septenia,0.0
Sergane,0.0
Serge_132607,0.0
sergent_merguez,0.0
sergi,0.0
sergia,0.8
Seriots,0.0
SERMO,0.0
SerPiR,0.0
Setomas,0.0
severine,0.0
Sevilla,0.0
seyfr,0.0
Seyrbeyr,0.0
sgrall,0.0
S.Guerra,0.0
sh3xe,0.0
Shadlo,0.0
shadock,0.0
shadow,0.0
Shadow_Doctor,0.0
shadow_wolf,0.0
Shaïman,0.0
Shake44,0.0
Shala,0.0
Shannon,0.0
Shansea,0.0
Shansky,0.0
Sharak,0.0
SharkCrazy7,0.0
shary,0.0
Sheldouille,0.0
Shiaroku,0.8
Shield,0.0
Shiib,0.0
ShilingSuuu,0.0
Shimves,0.0
Shinjikun,0.0
ShinobiWataaa,0.8
Shiro,0.0
shirubaa,0.0
Shivac,0.0
shlock,0.0
Shoobidoo,0.0
shuket,0.0
Shutterstock,0.8
shykiro,0.0
Sibwara,0.0
sid3y1,0.0
sidaddhur,0.0
Sieben,0.0
siger438,0.0
Sigi,0.0
Silion7623,0.0
Siliotka,0.0
Silkagnan,0.0
silolis,0.0
Silouane,0.0
Sils,0.0
Silvanosky,0.0
Sim,0.0
Si-m0n,0.8
Sim91,0.0
SimGus,0.0
simon.arduin,0.0
Simon_B,0.8
simon_c,0.0
simone,0.0
simonlesauce,0.0
SimonP,0.0
Simon-Pierre,0.0
SimplMars,0.0
simsko,0.0
simsom,0.0
simulink,0.0
Simyan,0.0
Sinaf19,0.8
Sinay,0.0
Singe_Automatique,0.0
Sintaz,0.8
SiobudC17,0.0
siouxsails,0.0
Siraca,0.0
Siratton,0.0
SireJovial,0.0
Sir_Hyle,0.0
sirius,0.0
SirJames,0.0
Sir_Lama,0.0
SirOizo,0.0
Sirtyl,0.0
Sis,0.0
Sise_ici,0.0
Sîthadar,0.0
Siyah,0.0
sjeannin,0.8
Skad,0.0
Skasys,0.0
ske,0.0
SkeptRaiser,0.0
skeud-art,0.0
SkeyloS,0.0
Skilli,0.0
Skixio,0.0
Skll,0.0
Skorpion_Chawi,0.0
skrabou,0.0
slandais,0.0
SLang,0.0
slasbrugnas,0.0
slash,0.0
sleepybay,0.0
slide,0.0
Sliippy,0.0
SlimSamy,0.0
Slipihollow,0.8
Slithering,0.0
Sliya,0.0
Sloane,0.8
Sloaww,0.0
Sloth,0.8
SlowZeck,0.0
Sludt,0.0
slump,0.0
smad,0.0
smemich,0.0
smig,0.0
smillien62,0.0
smonkooml,0.0
smonote,0.0
Smyrne,0.0
S.N,0.0
SNEAXIII,0.0
Sness,0.0
snipe2004,0.0
Snoob,0.0
SnowTox,0.0
SoCrafty,0.0
Sod,0.0
Sofian,0.8
Sofiane_C,0.8
Sofintec,0.0
softyoda,0.0
Soguy,0.0
soheila768,0.0
Sojalove,0.0
Solalj,0.0
Solatium,0.0
solera.jorge.luis,0.0
Solipse,0.0
SolipsisteMaisSympa,0.0
Solmyr,0.0
soloyant,0.0
SolTourne,0.0
SolweigH,0.0
SombrePapa,0.0
sombrero,0.0
Soniaha,0.0
sophia,0.0
Sorigue,0.0
soso49,0.0
sosobatmobile,0.0
Souhaila,0.8
Souleva,0.8
soulisalmed,0.0
soumi,0.0
Soutroux,0.0
Souzdal,0.0
Sov,0.0
Sp,0.0
SP,0.0
SPalominos,0.0
sparkdstreet,0.0
sparkle,0.0
SparklingMushroom,0.0
sparttan,0.0
Spek,0.8
SpesVirtutis,0.0
SpiderGwen,0.0
spike,0.0
Spinningtortoise,0.0
spleeneuphorie,0.0
SpleenOza,0.0
spliterchaos,0.0
Spoony,0.0
SPQR,0.0
spr2,0.0
Spring,0.8
Sql,0.0
Squaremom,0.0
Squatt,0.0
squibix,0.0
Sremmanit,0.0
s_rose_mar,0.0
SRVGH,0.0
SsSanzo,0.0
St3phano,0.0
stalrun,0.0
stangav,0.0
StanislasDOZIAS,0.0
stanley,0.0
Stanley,0.0
StarkLoup2,0.0
Starzmania,0.0
stass.kirilovs,0.8
Stef,0.0
Stefan_Brandl,0.8
stefouneto,0.0
stefousch,0.0
Stefouz,0.0
SteMaCre,0.0
Stepane,0.0
Steph314,0.0
Steph90,0.0
Stephan,0.0
Stephane_Abecassis,0.0
stephaneherbier,0.0
stephane-klein,0.0
stephy777,0.0
stersky,0.8
steve,0.0
SteveKatuaDa,0.0
Stichwal,0.0
StickyFerret,0.0
Stoil,0.0
stombaker,0.0
Stomf,0.0
stonetrip,0.0
Straga,0.0
strangery,0.0
Striwx,0.0
strobovsky,0.0
Stucki,0.0
Studentfromliege,0.0
stupeflo,0.0
styleX,0.0
su,0.0
suaudeau,0.0
Subnumine,0.0
SuizZz,0.0
sulfurochrome,0.0
sullivanyoco,0.0
Sully,0.0
sultory,0.0
Sunflower23,0.0
Sùnjīn,0.0
sunmat,0.0
sunnyflor,0.0
sunoc,0.0
Sunray31,0.0
SuperBalez,0.8
Superbask,0.0
SuperFab,0.0
SuperGuitare,0.0
superjambon,0.0
super_jpp,0.0
Superlocrien,0.0
Superoi,0.0
Supersum,0.0
SuperTartine,0.0
Supertux007,0.0
suppayakisoba,0.0
Surftereza,0.0
surivinay,0.0
Suryman,0.8
sushi,0.0
Sutcenes,0.0
Suzie,0.0
svasseur,0.0
S.verbrugge,0.0
Sw_aa_nn,0.0
Swali,0.0
Swarm,0.0
Swistaczek,0.0
switch71,0.0
Sxilderik,0.0
Sxtnnn,0.0
syane389,0.0
Syavel,0.0
Syd,0.0
SydJim,0.0
Syffon,0.0
Sykursen,0.0
Sylaac,0.0
sylou,0.0
Syluen,0.0
Sylva,0.0
sylvain_,0.0
Sylvain007,0.0
sylvainberube,0.0
SylvainC,0.8
Sylvain_Lavergne,0.0
sylvainlev,0.0
SylvainM,0.0
Sylvain_P,0.8
sylvain.perrot9,0.0
Synchrone,0.0
synix,0.0
Synthesprit,0.0
sypuro,0.0
Sysiphe,0.0
Sytha38,0.0
T,0.0
T0m0mAr,0.0
T0matofish,0.0
T3M,0.0
t4nuki,0.0
TAAG,0.0
tadronnel,0.0
Taerus,0.0
Taffoni_Pyrope,0.0
tagada,0.0
Tagadoigt,0.0
Taguyx,0.0
Tahina,0.0
Tailleurdenuages,0.0
takayama,0.0
Talis,0.0
Talisma,0.0
Talliouber,0.0
Tam,0.0
Tametis,0.0
TaNg0chg,0.0
Tanguy,0.0
tanguy_jvt,0.0
tangwuji,0.0
Tannerr,0.0
Tao8,0.0
tao.boiss,0.0
taotechloe,0.0
TaoV8,0.0
Tapisvirginia,0.0
tapr,0.0
Tarcisius,0.8
tardi,0.0
Tareum,0.0
Targvdj,0.0
Tarh,0.0
tarik.merz,0.0
Tark_Fator,0.0
Tarta,0.0
Tartalapatate,0.0
Tartex_Fumex,0.0
tartiflax,0.0
tartiflette,0.0
TartineVaillante,0.0
Tartod,0.0
TartoFraises,0.0
Tarvathorg,0.0
tassypl,0.0
Tayi,0.0
Tayrok,0.0
TBMaster59,0.0
tcampet,0.0
tcarion,0.0
TCham,0.0
tchernomax,0.0
tchevill,0.0
Tchickni,0.0
TDiff,0.0
tds,0.0
te0bal0,0.0
Teckhell,0.0
tefberthet,0.0
Teka,0.0
teknogui,0.8
Teldox,0.0
Temboya_NDougala,0.0
Témoins,0.0
tempete,0.0
TempleDelphi,0.0
Tendofakir,0.0
Tenn,0.0
Tenshin,0.0
termit,0.0
TERMOZ,0.0
Terraiste,0.0
terry,0.0
TerryFound,0.0
Tertio,0.0
Tescka,0.0
tesseract,0.0
tessiere,0.0
Test,0.0
testazeet,0.0
Tétédu01,0.0
Teukre,0.0
Teusner,0.0
TFC,0.0
tforgione,0.8
tgigant,0.0
tgoncalv,0.0
tguiot,0.0
th2o,0.0
Thaern,0.0
Thalat,0.0
thamieu,0.0
Tharget,0.0
Thblink1995,0.0
Théau,0.0
TheBatz,0.0
thecolorfactory,0.0
thedep,0.0
TheFatMagi,0.0
thefouga,0.0
TheGreatestEver,0.0
TheGus65,0.0
The_Honey_Cat,0.0
the_hutin,0.0
TheJ,0.0
TheLastCookie,0.91
TheLemniscat,0.0
Thelinab,0.0
Themaya,0.8
Themr,0.0
theo,0.0
Theo042,0.0
Théo2412,0.0
Théob,0.0
theob72,0.0
theobrusse,0.0
theoden,0.0
Theogab,0.8
theo_p,0.0
theopbr,0.0
theophile,0.0
theophile38,0.0
theoSan,0.0
Theo_Sgl,0.0
theotch,0.0
Theoule,0.0
Theo_verceil,0.0
theperco,0.0
thephaco,0.0
Thermo_Pierrot,0.0
TheScrewdriver,0.0
TheSpaceSheep,0.0
Theta,0.0
thexoim,0.0
thib,0.0
thibaudbrg,0.0
Thibault_,0.0
thibault.demartini,0.0
ThibaultDP,0.8
Thibaut,0.0
Thibaut26,0.0
Thibert,0.0
Thibo,0.0
thibomar,0.0
Thibs,0.0
ThidPiloup,0.0
thierryc,0.0
ThierryChauffour,0.0
thierry_lucon,0.8
thierrypechoux,0.0
Thieubal,0.0
Thingy,0.0
this_is_s,0.0
Tho,0.0
Thoams,0.0
ThoMaleT,0.0
thomann,0.0
thomas,0.0
Thomas1234,0.0
Thomas1815169,0.0
thomas24,0.0
Thomas454165,0.0
Thomas_Chambon,0.0
thomasd,0.0
Thomas_Delépine,0.0
Thomas Fiolet,0.0
ThomasG,0.0
Thomasletocart,0.0
ThomasLr,0.0
thomas_mccartney,0.0
ThomasNDRCVR,0.0
Thomasoni,0.0
Thomas_Parzad,0.0
ThomasR,0.0
thomas_v_hardy,0.8
thomatesque,0.0
Thomik,0.8
Thorleif,0.0
thosske,0.0
Thother,0.0
thoven,0.0
tht,0.0
Thual,0.0
ThugFou,0.8
Thur,0.0
Thursty,0.0
Thynes,0.8
Thyphereth,0.0
Thytou,0.0
Tialkor,0.0
Tibak,0.0
tibal,0.0
TiBen,0.0
Tibo,0.0
tice,0.0
Tichikarasu,0.0
ticosc,0.0
Tiennoux,0.0
tigerpro0493,0.0
tigremalin,0.0
tihboh,0.0
Tillbo,0.0
tilouli,0.0
Tim92150,0.0
Timal,0.0
timber,0.15
Timecut_str,0.0
TimFaverjon,0.8
timfoutot,0.0
Timmy,0.0
timosubtil,0.0
Timot,0.0
Timou,0.0
timr,0.0
Tinael,0.0
tindalos,0.0
Tingale,0.8
tino242424,0.0
TinouDE,0.0
Tintama,0.0
tintin,0.0
Tio,0.0
tipoch,0.0
tiptales,0.0
Tipunch,0.0
Tiresias,0.0
Tit0uan,0.8
Tit0un,0.0
Titi2136,0.0
Titikoko,0.0
Titou,0.0
Titouan_martin,0.0
titouan_tyack,0.0
Titoux,0.0
titqn,0.0
Tivenla,0.0
Tiwo,0.0
Tix,0.0
tixlegeek,0.0
Tizola,0.0
TJ,0.0
TjejiM,0.0
Tk,0.0
TKJF,0.0
tl,0.8
TLM,0.8
Tlmk77,0.0
tmalarte,0.0
tmandallena,0.0
Tnaiih,0.0
toasted.uranium,0.0
Toastipain,0.0
TobieV,0.0
tofradin,0.0
TofTheShark,0.0
Tofu168,0.0
Toh,0.0
ToiDoi,0.0
toinety,0.0
Tointoin,0.0
Tokira,0.0
Tolhsadum,0.0
tolimat,0.0
toltoy,0.0
tom97531,0.0
toma,0.0
Tomas,0.0
tomatochipsie,0.0
TomFerd,0.0
TomHbarre,0.0
TomLAROCHE26,0.0
TomLaz,0.0
Tom_MacWhirr,0.0
Tommy,0.0
tomsangly,0.0
TomSol,0.0
Tom-TBT,0.8
tomtom914,0.0
Tonch,0.0
Tongdao,0.0
Tonio,0.0
toniobourriquot,0.0
TontonTiti,0.0
Tony22,0.0
TonyoXXX,0.0
Tony_Pizzicati,0.0
TonyRinaud,0.0
Tonys21,0.0
Tooroop,0.0
topik,0.0
Toraky,0.0
Torel,0.0
TormilonLeSage,0.0
Tornadau,0.0
totalpaco,0.0
totijaga,0.0
Toto1926,0.0
Toto477,0.8
Toto_evd,0.0
Totof,0.0
Totosch,0.0
Totoutoy24,0.0
Totto,0.0
Toumani,0.0
Toupoutou,0.0
TourFL,0.8
tourneciel,0.0
tournedos,0.0
Tournefeuille77,0.0
tourneLeSoleil,0.0
tournelol,0.0
TOURNEME,0.0
tournepomme,0.0
Tournesol54,0.0
Tournesoll,0.0
TournesolLive,0.0
tournesolllllllllllllllllllllllllllllllllll,0.0
tournesol_user,0.0
Tournesol_user,0.0
Tournetonin,0.0
tournevell,0.0
Tourni,0.0
Tournicoti_Tournicotons,0.0
Tourooo,0.0
Tourteau,0.0
Toussaic,0.0
toutoums,0.0
Toxunix,0.0
ToyotaPepepr,0.0
TPennamen,0.0
Tr4sK,0.0
Trandate,0.0
TrankilEmil,0.0
tranxen,0.0
Trapanelle64,0.0
Traroth,0.0
Travata_,0.0
TravelS,0.0
Travis,0.0
Trefilis,0.0
treizelfe,0.0
Trerare,0.0
Trevors,0.0
TribalMyth,0.0
Triban,0.0
Trinitys,0.0
triple_fontaine,0.0
Trisdan7,0.0
Triskel78,0.0
trislaz,0.0
Tristan001,0.0
TristanBayle,0.0
tristan_flx84,0.8
tristan_martin,0.0
tristanmartin,0.8
TristanV,0.0
trjn,0.0
Trolb,0.0
trolin,0.0
Trombono,0.0
Troootsky,0.0
Troposphere100,0.0
Troupal,0.0
trstn mnr,0.0
Trufaldin,0.0
TruLib,0.0
tryce51,0.0
Tryhl,0.0
Tryphon,0.0
t.salgues,0.0
tsanchez,0.8
tsaquet,0.8
t.sauvage,0.0
Tsif,0.0
ttoouurrnneessooll,0.0
T_touline,0.0
T-two,0.0
tulipier,0.0
Tungom,0.0
TurboGui,0.0
Turgon,0.0
Turquet,0.0
turtle,0.0
turtus,0.0
tutti,0.0
tvouillamoz,0.0
Tweenty,0.0
twinkyWinky,0.0
twotiMart,0.0
Tybalt,0.0
Tybau75,0.0
Tyboss35,0.0
TYL,0.0
TyMad,0.0
typo,0.0
tyrannides,0.0
Tytournesol,0.0
Ubini,0.0
UBouveron,0.0
ubuntu-user,0.0
UdzGBKs6M4AR77Nknqb3J5fYFk9fI87nLu4iI95CON,0.0
ufubox,0.0
Ughy,0.0
Ugo,0.8
ugo-7,0.0
ugo.dozoul,0.0
uknvfsyj,0.0
ulan56,0.0
ulbdead,0.0
Uleacien,0.0
Ulrich22,0.0
UltraLcD,0.0
Ulysse01,0.0
Ulysse_H,0.0
ulyssepillon,0.0
Ulyss_Itake,0.0
Uma,0.0
uminaty,0.0
umzhefmibqevkjnslj,0.8
Unahzaal,0.0
Undesdeux,0.0
undidish,0.8
UnFefeSauvage,0.0
unite.chiedo,0.0
Uniwi,0.0
Unixcorn,0.0
unknown,0.0
Un_Mec_Lambada,0.0
un.percepteur,0.0
untamed3,0.0
untel91,0.0
untitpoi,0.0
upog,0.0
Urendale,0.0
Urgruk,0.0
urlof0,0.0
Urscared,0.0
user1062,0.0
user12346579,0.0
user1636,0.8
user3939,0.0
user7123,0.8
user7527,0.0
user7794,0.0
user7844,0.0
user_A,0.0
usernanme,0.0
ushde,0.0
UtilisateurdeGoogle,0.0
va4568,0.0
vaab,0.0
VaanDeFanel,0.0
VaareK,0.0
vagapo,0.0
vajom,0.8
valchap616,0.0
valdigula,0.0
valdsn,0.0
Valentin,0.0
Valentin.Regnault,0.0
valentinrichaume,0.0
Valentin_Stup,0.0
ValentinVincent,0.0
Valerie,0.0
Val_fc,0.0
Vali,0.0
valkea,0.0
vallala3,0.0
Vallanttain,0.0
Valonwyrd,0.0
valooo,0.0
ValouHac,0.8
valoulef,0.0
valouleouf2,0.0
Valoutre,0.0
vanefillubie,0.0
Vanessa Billon,0.0
vans,0.0
Vanvandamme,0.0
VaraStar,0.0
Vargarys,0.0
VaroViBritannia,0.0
VARVARI,0.0
Varyne,0.0
Vastariel,0.0
vaughncarr,0.0
Vaulkryn,0.0
Vav,0.0
vaydrek,0.0
Vcyrille,0.0
vdubus,0.0
vectir,0.0
vega,0.0
vegone,0.0
Veka,0.0
Velella,0.0
VELP,0.0
Veral,0.0
Verbal_Kint,0.8
vero,0.16
VertPelican,0.8
verynoob,0.0
Veuveu_,0.8
vialaneixa,0.0
Vianney,0.0
vic,0.0
vic2000,0.0
vic47,0.0
Vichtak,0.0
vic-tor,0.0
Victornesol,0.0
VictorPeach,0.0
VictorPrima,0.0
victor_thiebot,0.8
VictorV,0.0
Victor.weber,0.8
Vicx,0.0
vidiaferia,0.8
Vidrya,0.0
Vii,0.0
VikThor,0.0
Vilerio,0.0
VinBAU,0.0
vince,0.0
vinCe,0.0
vince8290,0.0
vinceathome,0.0
VinceB,0.0
vince.demont,0.0
Vincee23,0.0
VinceM04,0.0
vincema,0.0
Vincent02OOO,0.0
Vincent2B,0.0
vincent.adolphe,0.8
Vincent_BZH,0.0
vincent.choupaut,0.0
vincent-cvbsp,0.0
VincentGranger,0.8
vincentl73,0.0
Vinch,0.0
vinri2z,0.0
vinwou,0.0
Violette,0.0
Violette25,0.0
Virginie,0.0
virttom007,0.0
visionnary.sama,0.0
visual_111,0.0
Vitorrio,0.0
VITOUNE,0.0
Vivi886,0.0
Vivien1985,0.0
VivienM,0.0
VivienSayan,0.0
Vixo,0.0
Vkeb,0.0
Vkor38,0.0
vlaeser,0.0
vloog,0.0
VLT_SupeRastaMax,0.0
vm666,0.0
Vneb23,0.0
Voltairine,0.0
Volyjaah,0.0
vonstrudel,0.0
Vosgo,0.0
Vove,0.0
voxaba,0.0
voxel,0.0
vpeigne,0.0
Vpujol,0.0
vtho303,0.0
vtimd,0.0
Vulporuza,0.0
vulvor,0.0
VValden,0.0
vvm,0.0
VyGER,0.0
vylinas,0.0
Vyvaren,0.0
w1alexm,0.0
waali,0.0
Waapt,0.0
Wabi_Sabi,0.0
waeo,0.0
Waffleman,0.0
Wakapiti,0.0
Walgston,0.0
Walk,0.0
Walking-Pat,0.0
Walkofsoul,0.0
Wallabi,0.0
walllyB,0.0
WaltKowalski,0.0
WanderingPseudointellectual,0.8
Wandrille,0.91
Warc,0.0
wareita,0.0
Wargrim,0.0
Warihor,0.0
warrendlr,0.0
warzy,0.0
Watewmark,0.0
WaveAddict,0.0
waxime,0.0
wcbtehadgaeh,0.0
WeAreLegion,0.0
weberm,0.0
wecestca,0.0
wellan38,0.0
Wellounet,0.0
Weny,0.0
whalend,0.0
whatanerd,0.0
Whatournesol,0.0
Whipoid,0.0
Whirod,0.0
white,0.85
whysmexistence,0.0
wifd,0.0
Wiki,0.8
Will_Feister,0.0
William,0.0
Williamfr,0.0
William.Sprig,0.0
willslap,0.0
Willy_Loindici,0.0
wilwarin,0.0
Wing,0.0
winigan,0.0
Wiosna,0.0
Wisi,0.0
wismy,0.0
Witcherr,0.0
wliqin,0.0
wllm,0.0
wnrpaul,0.0
Wolf,0.0
wolf424,0.0
wotringe,0.0
woush,0.0
Woushou,0.0
wowio,0.0
Wreckless,0.0
WSgaT,0.0
Wurden,0.0
Wuzzut,0.0
Wv3rn,0.0
wwR2ZpWD2,0.0
WYLOO,0.0
Wyr,0.0
wywhe,0.0
X,0.8
X000P085877,0.0
x9w6oiy5,0.0
xaintrailles,0.0
xammebreuduffei,0.0
XanderLeaDaren,0.8
Xaraz,0.0
xav,0.0
xavalex,0.0
xavclement,0.8
xavichou,0.8
Xavier,0.0
xavieraleman,0.0
XavierB,0.0
xavier.busch,0.0
XavierD,0.0
XB12,0.0
XBlast,0.0
X-CoM-Fr,0.0
Xeandro,0.0
XenonN54,0.0
Xenos78,0.0
Xeon0X,0.0
Xeraxses,0.0
Xibjen,0.0
ximma,0.0
xinig82128,0.0
Xix2g,0.0
XLE,0.0
Xlig,0.8
Xnoun,0.0
xonatic,0.0
Xonram,0.0
xophm1,0.0
Xoria,0.0
Xorlup,0.0
Xou,0.0
Xvim_Chao,0.0
Xwave101,0.0
y0no,0.0
y2us,0.0
yacine,0.0
Yaelamraou,0.0
YakRap,0.0
Yamnar,0.0
yan_dm,0.0
yanisallouch,0.0
yann,0.0
Yann2Meurvein,0.0
Yann79,0.0
yannael.collas,0.0
yannb50,0.0
yannbertrand,0.0
yanncombs,0.0
YannDosqui31,0.0
Yannick66,0.0
YannickVincent,0.8
yannimassi,0.0
YannMalcolm,0.0
Yannoche,0.0
Yannours,0.0
YannPM,0.0
Yann-Poka,0.0
YannTendez,0.0
YannTual,0.0
YaourCoco,0.0
Yasselas,0.0
yassinefekih,0.0
Yaw_Qiw,0.0
yayahalloin,0.0
yayanis.rev,0.0
yazul,0.0
yboget,0.0
ycouble,0.0
yeb02,0.0
Yelahnau,0.0
Yelo,0.0
YG,0.0
ygorg,0.8
Yiaz,0.0
Yinyin,0.0
Yioxe,0.0
YJHannah,0.0
yjolly,0.0
ykuky,0.0
ylad,0.0
Ylaff,0.0
ylbn,0.0
ymerenos3,0.0
Yo,0.0
Yoann,0.0
YoannB,0.0
YoannK,0.0
yoda.sky,0.0
Yogen,0.0
Yohanes,0.0
YohanesGerin,0.0
YohannS,0.0
Yokam,0.0
Yolobaba,0.0
Yomhei,0.0
Yomm6x,0.0
Yo_oY,0.0
Yopadd,0.0
Yoshu,0.0
Youbiz,0.0
youen,0.0
Youka,0.0
youkou,0.0
Younamit,0.0
younes-bouh,0.0
YoungTed,0.0
Young_Whistleblower,0.0
Youpla,0.0
Youri,0.0
Yoyo44,0.0
yoyomoshi,0.0
YoyoNeko,0.0
ypcht,0.0
_ypO,0.0
yrafdel,0.0
Yrauma,0.8
YRMOX,0.0
Yromed,0.0
Yrtiop,0.0
ys,0.8
Ysocele,0.0
ytlas,0.0
ytterbium70,0.0
Yttrium,0.0
Yuélia,0.0
Yughues,0.0
yukassari,0.0
Yukimigiku,0.0
Yumi_Scarlet,0.0
Yuri,0.0
yvanC,0.0
Yvan_Dureive,0.0
YvesG,0.0
yves.guillot,0.0
yves-letutour95,0.0
yvesposiere,0.0
Yvv,0.0
yz,0.0
Zac,0.0
Zackeronimo,0.0
ZackKan,0.0
Zag,0.8
Zahkthar,0.0
Zak,0.0
zakariaeljaz,0.0
zalsic,0.0
zaltarba,0.8
Zamothi,0.0
zanasco,0.0
Zap,0.0
Zar,0.0
Zaraty,0.0
zark,0.0
zaugg.loic,0.0
Zazaltek,0.0
Zazo,0.0
Zbig,0.0
zblah,0.0
zblurg,0.0
zblurp,0.0
zbofex,0.0
Zeb,0.0
Zebluenote,0.0
zebourd,0.0
zed,0.0
ZeFrentchLurner,0.0
Zekari,0.0
Zekk,0.8
Zel,0.8
Zeldabricot,0.0
Zelliana,0.0
zemarko,0.0
Zempokoen,0.0
Zende,0.0
zenetid,0.0
zeno,0.8
Zerathyon,0.0
ZeRemz,0.0
zeslayer,0.0
Zetary,0.8
Zeutrey,0.0
Zeyzer,0.0
Zgegdure,0.0
Zhaku,0.0
Zhexiel,0.0
Zian,0.0
Zifuko,0.0
Zimm_i48,0.8
Zircon,0.0
zjehan,0.0
zlitus,0.0
Zmal0,0.0
zobega,0.0
Zogotounga,0.0
Zola,0.8
ZoldikDWaterLaw,0.0
Zolilio,0.0
zombie,0.0
zombitshe,0.0
zomre,0.0
zorg724,0.0
Zorglub,0.0
Zorglub_1er,0.0
zosime.piano,0.0
ZoulouGang,0.0
Zouzou,0.0
zouzoulili99,0.0
Zpinoza,0.0
Zstorm,0.0
Zukuri,0.8
Zulty,0.0
zuwyx,0.0
zvitali,0.0
Zwerque,0.0
zyad182,0.0
zyt,0.0
Þþanon,0.0
Лёша,0.0
ᛗᚨᛏ,0.0
